Account Name,Country
02373153,United Kingdom
165th Floor,United Kingdom
2DM,United Kingdom
97MAUD,United Kingdom
A&U FASHION LTD,United Kingdom
A.N. Sourcing UK Ltd,United Kingdom
Abad Global Limited,United Kingdom
Abbey Road Studios (Universal Music Group),United Kingdom
AC Fit Apparel,United Kingdom
Acshn,United Kingdom
ADNO Collective Pty Ltd,Australia
Aesthetic Clinic Antonella Chanel,United Kingdom
Affiliated,United Kingdom
AFK Ltd,United Kingdom
AFRILOG,Gabon
Agpierrini,United Kingdom
AiR6,Austria
Ajoljo,United Kingdom
Akaash Impex,United Kingdom
Al Hayajab,United Kingdom
AlexisMart,United Kingdom
Alfie Evans Smith,United Kingdom
ALFRETON UK LTD,United Kingdom
Alpaca Real,United Kingdom
Alpine Racing Limited,United Kingdom
Alésa,United Kingdom
AMF London,United Kingdom
Amill Abrielle,United Kingdom
Aminataclothing limited,United Kingdom
Amul,United Kingdom
Amul ltd,United Kingdom
Anastasia’s,United Kingdom
AnG's,United Kingdom
ANKERPOINT LTD,United Kingdom
Ansarosh UK Ltd,United Kingdom
Antidote Apparel,United Kingdom
Apex,United Kingdom
Arc magazine,Denmark
Arc Project Holdings Limited,United Kingdom
Armando Trading Limited,United Kingdom
Armd International Ltd,United Kingdom
ARQUE GOLF LTD,United Kingdom
Artitudeinc Ltd,United Kingdom
Asa games,United Kingdom
ASA Products,United Kingdom
Ascend Society,United Kingdom
Ashur,United Kingdom
ASKA London,United Kingdom
Associated Independant Stores,United Kingdom
ASTN,United Kingdom
AVP,United Kingdom
AVS Global General Trading LLC,United Arab Emirates
Awelewa Noire Ltd,United Kingdom
Ayvonti,United Kingdom
Bab Ally Tailoring Mart,Tanzania
baba’s archive,United Kingdom
Babri Impex,United Kingdom
Balae Active,United Kingdom
bandit London,United Kingdom
Bandstacker ltd,United Kingdom
Banglish Ltd,United Kingdom
BeachSupplies.co.uk,United Kingdom
beachyandbabe,United Kingdom
BEADS PALACE AND GLOBAL CRAFT LIMITE,Nigeria
Bebe Garcon Limited,United Kingdom
Beech and Bear Boutique Ltd,United Kingdom
Beesparkly events,United Kingdom
Beinspired_betransformed,United Kingdom
Bella Lane Embroidery,United Kingdom
Benir clothing,United Kingdom
Bernadette Elizabeth Ltd,United Kingdom
Billion Model Agency,United Kingdom
BioWorld International,United Kingdom
Bizza Ltd,United Kingdom
Blacksword Global,United Kingdom
Blasé Studios,United Kingdom
Bloomingdor limited,United Kingdom
BLURRY RTM,Netherlands
BlömerTextiel,Netherlands
Boumi London,United Kingdom
Boutique19,United Kingdom
Box2box teamwear,United Kingdom
Boxcey,United Kingdom
Brand Machine Group,United Kingdom
Breif,United Kingdom
BRYA,United Kingdom
Busy Studios,United Kingdom
C & S INTERNATIONAL,United Kingdom
Caelo LImited,United Kingdom
Calm Threads Ltd,United Kingdom
Cardigan Club 75,United Kingdom
Case,United Kingdom
Casual hours,United Kingdom
Catwalk Kitty,United Kingdom
CE Trade Ltd.,United Kingdom
Cedar,United Kingdom
Cedarmen,United Kingdom
CEHTR ltd,United Kingdom
Celare,United Kingdom
Celestial,United Kingdom
Centro Sourcing Ltd,United Kingdom
CHAMBERS ATELIER,United Kingdom
Chapters apparel brand,United Kingdom
Cheris,United Kingdom
Cherryfield,United Kingdom
Chohz ltd,United Kingdom
Cinetico LTD,United Kingdom
CINTA the label,United Kingdom
Circled,Croatia
Circular Thrift,United Kingdom
Clamoretz,United Kingdom
Clime-it Brothers,United Kingdom
Cloud Couture,United States
Cloux,United Kingdom
Club Colore,United Kingdom
Club Vertigo,United Kingdom
Club Wolf,United Kingdom
Co-Knit,United Kingdom
Coastal Culture,United Kingdom
Cobblers Cove,United Kingdom
COMMON|SP/CH,United Kingdom
Connikie consulting Ltd,United Kingdom
Corral Running,United Kingdom
Crew&Cotton,United Kingdom
Crooksy417,United Kingdom
CT,United Kingdom
Cultural to art of India,India
d'mandalia ltd,United Kingdom
Darling Danielle,United Kingdom
Darling worldwide,United Kingdom
De Noir,United Kingdom
Dear prudence ltd,United Kingdom
DELJATT INDUSTRIES LIMITED,United Kingdom
DHAN-YUL,United Kingdom
Dhue,United Kingdom
Differently Enabled,United Kingdom
Dlayd Ltd,United Kingdom
Double Up Apparel,United Kingdom
DR Fashion Club,United Kingdom
Draped Ltd,United Kingdom
Dreamz services ltd,United Kingdom
Dru's Creative,United Kingdom
DWP,United Kingdom
E2E,United Kingdom
EA Garms,United Kingdom
Earthen Lifestyles,United Kingdom
East Club Limited,United Kingdom
Eighth Hour,United Kingdom
Eirini Scott Creative Design.com,United Kingdom
Elaique,United Kingdom
Elegance Productions,India
Eleven Loves,United Kingdom
elizabeth wolfgang limited,United Kingdom
ellenajcreations@gmail.com,United Kingdom
Elää boutique,United Kingdom
EnE Brand,United Kingdom
Erin Estrada LTD,United Kingdom
Esorai,United Kingdom
Esther Blue,United Kingdom
Esurio,United Kingdom
Esurio Store Ltd,United Kingdom
European Recycling Platform,United Kingdom
Eva-G Visuals LTD,United Kingdom
Explosive Fibres Ltd,United Kingdom
FAD International,United Kingdom
Faith Boutique,United Kingdom
farah,United Kingdom
Farfado,United Kingdom
Fashaun,United Kingdom
Fashion Designer,United Kingdom
Fashion keys by zm ltd,United Kingdom
Fashion mind,United Kingdom
Fear Hills,United Kingdom
Feni,United Kingdom
Ferdasare Ltd,United Kingdom
Finnson Ltd,United Kingdom
Fiona Collection UK Ltd,United Kingdom
For the Shorties,United Kingdom
Foxy Girl Ltd,United Kingdom
Fractured State,United Kingdom
Francis Wacziarg group,United Kingdom
friends &company,Pakistan
Gaia Film Production,United Kingdom
Galedi Pins Ltd,United Kingdom
GAZIAN LTD,United Kingdom
GEC LDN,United Kingdom
Gini London Ltd,United Kingdom
Glammart limited,United Kingdom
GLBL LTD,United Kingdom
Goal Getters Empire,United Kingdom
Goget,United Kingdom
Gold Coast Glow Ltd,United Kingdom
Goldfinch Agency / Von Dutch,United Kingdom
goldsoni athletics usa,United States
Golf 2 Golf,United Kingdom
Good State Athletic Ltd,United Kingdom
Green Textile,India
H Wald & Co Ltd,United Kingdom
Halai Fashions,United Kingdom
Halal Threads,United Kingdom
Han and Saints,United Kingdom
Handsfull Clothing.UK,United Kingdom
Happarel Ltd,United Kingdom
Harito india,India
Harlette,United Kingdom
HDS,United Kingdom
Headspace Hypno Ltd,United Kingdom
Heirloom Haus Limited,United Kingdom
herselv ltd,United Kingdom
Hey Bear Productions Ltd,United Kingdom
Highland Store,United Kingdom
HMY cc limited,United Kingdom
Hobbs,United Kingdom
Hoc-Age Limited,United Kingdom
Hoggs of Fife Ltd,United Kingdom
Holdsforth,United Kingdom
Hotic,United Kingdom
House of dollys,United Kingdom
House of Elixir,Jersey
House of Fraser,United Kingdom
House of Kanga,United Kingdom
House of Sayouri,United Kingdom
Houseofhairology,United Kingdom
Hoxbury,United Kingdom
I love my collections,United Kingdom
ICCAVARI,United Kingdom
If Only If,United Kingdom
Indo mersey,United Kingdom
Inky & Mole,United Kingdom
INNOCENT CLOTHING LTD,United Kingdom
Innovative Textiles Ltd,United Kingdom
Inora sports,United Kingdom
Inseason,United Kingdom
Isobel Bygate,United Kingdom
IVOR,United Kingdom
Jade fashion,United Kingdom
Jaded London,United Kingdom
JAKI,United Kingdom
Jakke,United Kingdom
Janet Mudge,United Kingdom
Jay Consult,United Kingdom
JC London,United Kingdom
JDN,Hong Kong
JEL NIGERIA LIMITED,Nigeria
Jonetsu,United Kingdom
Joseph & Co,United Kingdom
JOSEPH-HYPHEN LTD,United Kingdom
JSD,United Kingdom
Jubril3,United Kingdom
Judith and Charles,Canada
Juste Noir,United Kingdom
JustInTime,United Kingdom
JUSTLIT,United Kingdom
Jywal London,United Kingdom
k&k clothing,United Kingdom
Kafadar,United Kingdom
Kairos,United Kingdom
KALEIDOSCOPE,United Kingdom
kamalaexmbellishments,United Kingdom
Katrina Phillips Ltd,United Kingdom
Kechi Meri,United Kingdom
Kenny Gordon Golf Limited,Ireland
Keystone and young,United Kingdom
KILLSTAR,United Kingdom
Kj STOCKIST LIMITED,United Kingdom
KM AKRN,United Kingdom
KM Knits,India
Knitca,Canada
Knotbasic,United Kingdom
Kottail India private limited,India
Krazy Kommerce Ltd,United Kingdom
KULTUR RIVER,United Kingdom
Kurama Studios,United Kingdom
La Corina,United Kingdom
Lalunah,United Kingdom
LANDMARK INTERNATIONAL,India
Lapz ltd,United Kingdom
Lasleek Fashion,United Kingdom
LC&T,United Kingdom
Lijoso,United Kingdom
Lillylane,United Kingdom
Lily Juliet USA,United States
Lily’s,United Kingdom
Lime Tree Design,United Kingdom
Lina Atelier,United Kingdom
lipville inv ltd,United Kingdom
Little black door,United Kingdom
Little earthlings,United Kingdom
London Turkish Association,United Kingdom
LOU LUNA,United Kingdom
Lourdez Williams,United Kingdom
Louvieri Ltd,United Kingdom
LOVA Lifestyle,United Kingdom
LRL UK,United Kingdom
Lumbini Fashion Industry,Nepal
LuvLea,United Kingdom
Lynxzeen,United Kingdom
M SETTE PARIS,United Kingdom
M&S,United Kingdom
MacDough Fashion Klinik,United Kingdom
MACO,United Kingdom
madebycole ltd,United Kingdom
Mads Oswald London,United Kingdom
Maiba,United Kingdom
Main Street or Nowhere,United Kingdom
Maison Orelene,United Kingdom
Maison Vire,United Kingdom
Make and Trim,United Kingdom
Manila custom clothing ltd,United Kingdom
Margarida N.1,United Kingdom
Marlboro retail,Ireland
Marli Row,United Kingdom
MARVANI,Ireland
Mash Fashion,United Kingdom
Mash Market,United Kingdom
Mash market ltd,United Kingdom
Massey Property development,United Kingdom
Measurecamp,United Kingdom
METRO TRADING LTD.,Bangladesh
Mi-bambino London,United Kingdom
Michael Politakis Portfolio,United Kingdom
Middleman Sourcing,United Kingdom
Mike ventures Ltd,United Kingdom
Mini hearts club,United Kingdom
Mintel,United Kingdom
Minuel Designs,United Kingdom
Misaani Ltd,United Kingdom
MiseryLovesCompany,United Kingdom
Monte Carlo Vintage,United Kingdom
Morphique Sport,United Kingdom
Motion,United Kingdom
MSP,United Kingdom
MTHDMG AB,Sweden
MTRP,United Kingdom
Muse & Moi,United Kingdom
MuthaHood Ltd,United Kingdom
Myself,United Kingdom
Natikalo,United Kingdom
Natreal Ltd,United Kingdom
NBN Design Ltd,United Kingdom
NERO SOURCING,United Kingdom
Nese ltd trading as Joy,United Kingdom
Nester,United Kingdom
Netbq Ltd,United Kingdom
Never Fully Dressed,United Kingdom
NEW DYNASTY,United Kingdom
New Mart Fashion House,United States
NEWLOOK GEMS & JEWELLERY,Sri Lanka
Next day steel,United Kingdom
Nikeenii initiative,United Kingdom
Nniche Fashion,United Kingdom
Nnigma,United Kingdom
No Switch Days,United Kingdom
Noema,United Kingdom
NORAH BV,Netherlands
NORTHI,United Kingdom
Not So Fun,United Kingdom
NSR FASHION UK LIMITED,United Kingdom
Nushaf,United Kingdom
O Pioneers,United Kingdom
OFFGATTI,United Kingdom
Olli Ditton,United Kingdom
Olu Adiele,United Kingdom
Omasiri,United Kingdom
Onthegowithjo,United Kingdom
Oracle Magazine,United Kingdom
Orange culture,United Kingdom
Orbis,United Kingdom
Original Greatness,United Kingdom
Oriki Atelier,United Kingdom
Oskalo,United Kingdom
OTHER,United Kingdom
Overseas textile services,Italy
Ownyourimage,United Kingdom
Oxford products,United Kingdom
Oxford University,United Kingdom
P2S Creations (Ritvay.com) and TrendSew Pvt Ltd,India
Palochi Ltd,United Kingdom
Panthera,United Kingdom
Park Agencies,United Kingdom
Parmar Fashions,United Kingdom
Parulgroovestofashion,United Kingdom
Pash studio ltd,United Kingdom
Patois,United Kingdom
Paulopatri,United Kingdom
Peonyblu,United Kingdom
Pheonix 888,United Kingdom
Phoenix Enterprises NI Limited,United Kingdom
PHP Network,United Kingdom
Pianella's Ltd,United Kingdom
Pinkfishes Ltd,United Kingdom
Pixel Wear Ltd,United Kingdom
PL,United Kingdom
PLNSIGHT LTD,United Kingdom
Plümo Ltd,United Kingdom
Pourquoi pas,United Kingdom
Prestons home and lifestyle,United Kingdom
Preview 2,United Kingdom
Private Sales,United Kingdom
proportion London,United Kingdom
PTAK S.A,Poland
Puresauna,United Kingdom
Queenspark PTY LTD,South Africa
r a international,United Kingdom
R. West,United Kingdom
R.A. ENTERPRISES LIMITED,United Kingdom
Raena,United Kingdom
Redi Golf /Fareva Golf,United Kingdom
ReLoved,United Kingdom
Renny Exclusive,United Kingdom
Rewoven,United Kingdom
Rexmart Enterprises Limited,United Kingdom
Rising Sun Inc Ltd,United Kingdom
RJH Consultanting,United Kingdom
RM creations,United Kingdom
Rock Falcon Studio,United Kingdom
Rock Water Ltd,United Kingdom
Rooful Ali,United Kingdom
Rooted,United Kingdom
Roune,United Kingdom
Ruanua,United Kingdom
Rudrarealm,United Kingdom
Runaway Bride,Ireland
S&c workwear and embroidery solutions LTD,United Kingdom
SA Sourcing,United Kingdom
Sahan style,United Kingdom
Sailink International Ltd,United Kingdom
Saint galleria,United Kingdom
Salimusa sports,Pakistan
Salvera,United Kingdom
Sana@blossomupboutique.com,United Kingdom
Sand Bikini,United Kingdom
SANGAR'S BRITAIN LIMITED,United Kingdom
Sanguinary Studios,United Kingdom
SAPRI TRADE LIMITED,Ghana
SARFRAZ AHMED DYEING,Pakistan
Saria Manzi LTD,United Kingdom
SAS Distributors Ltd,United Kingdom
SchlippandHorny GbR,Germany
SCOTON,United Kingdom
Season epc limited,United Kingdom
Seben stars,United Kingdom
SEEZY Montana Ltd,United Kingdom
Septem Maria,United Kingdom
Seven Garçons Ltd,United Kingdom
Seven seven ltd,United Kingdom
Shaaq Trading Limited,United Kingdom
SHANMEI LTD,Kenya
Shes Electric,United Kingdom
SHOUT,United Kingdom
Silk Routes,United Kingdom
SilkBirds London Ltd,United Kingdom
Silklemonade,United Kingdom
Simmply Active,United Kingdom
Simran fashions,United Kingdom
Sioamon,United Kingdom
Sipsey Ellora,United Kingdom
SISI CLARA,United Kingdom
Siska Green,United Kingdom
Six Stories,United Kingdom
Skm,United Kingdom
Skymetal LTD Company,Turkey
SNOIRE,United Kingdom
Socktopus,United Kingdom
Soggo,United Kingdom
Sonia RIKIEL,United Kingdom
SOQO CLOTHING,United Kingdom
SOTE,United Kingdom
South Asia Chamber of Commerce and Industry,United Kingdom
Spirit of the Sun LLC,Armenia
SpoiltM.I.L.K,United Kingdom
SRC IMPORTS LTD,United Kingdom
St Clement London Ltd,United Kingdom
St Threadz,United Kingdom
Starsneakersmk,United Kingdom
Stone-Martin,United Kingdom
Stonehill Sports Clothing Limited,United Kingdom
STRUK,United Kingdom
Studio Drop,United Kingdom
Studio Nøir Amsterdam,Netherlands
Studland Stampede,United Kingdom
Stylesphere Collective Pvt Ltd,India
Stylevate Solutions Ltd,United Kingdom
Subtle Sign,United Kingdom
Subtlelifestyle,United Kingdom
Sue Suma,United Kingdom
SULPHUR,United Kingdom
Sweetpea Active Ltd,United Kingdom
Swift Artwork Ltd,United Kingdom
Tailor shop,United Kingdom
Tallah Studios,United Kingdom
Tashtastikmedia,United Kingdom
Tatva Ltd,United Kingdom
TBD,United Kingdom
TenMade Ltd,United Kingdom
Texclusive,United Kingdom
Textile Import Solutions,United Kingdom
thaw ent,United Kingdom
The Ariah Network,United Kingdom
The Cotton Textile Company Ltd,United Kingdom
The Fine Girl Boutique,United Kingdom
The London Corset Company,United Kingdom
The Luna Sage Collection,United Kingdom
The Modern Club Co,United Kingdom
The Naked Studio,United Kingdom
The Pasarela London Ltd,United Kingdom
The Vampires Mistress,United Kingdom
Thread Ahead,United Kingdom
Thrivin,United Kingdom
TirelessArms Enterprise,Nigeria
TITANIC DESIGNS,India
TJX EUROPE,United Kingdom
TommyT’s.uk,United Kingdom
Tor Sports,United Kingdom
TOXICO,United Kingdom
Toye Kenning,United Kingdom
Travelling Wardrobe,United Kingdom
Treehouse Solai Limited,United Kingdom
Trendyspot,United Kingdom
Trinity Design Studio Ltd,United Kingdom
TRULEDGE,United Kingdom
TT9 Group,United Kingdom
UB Clothing,United Kingdom
UDQ22,United Kingdom
Ultimate Fashion Modo,United Kingdom
Ultimate Form,United Kingdom
Ultra,United Arab Emirates
Unconstituted Men’s Resort Wear,United Kingdom
Uneek Clothing Company Limited,United Kingdom
Universtation Limited,United Kingdom
UV Consultancy,United Kingdom
V&V Inc,United Kingdom
Valiant&Zealous,United Kingdom
van jonsson design,United Kingdom
Vanante•,United Kingdom
Various Group,United Kingdom
Vellure Couture,United Kingdom
Vespretta.co,United Kingdom
Virgo Global,United Kingdom
VISTACO LTD,United Kingdom
Vivi,United Kingdom
Vivien of Holloway,United Kingdom
Viyonclo,United Kingdom
VTI Group Ltd,United Kingdom
Wabis GmbH,Germany
Walker Slater Ltd,United Kingdom
Warda of London Limited,United Kingdom
Warlock World,United Kingdom
Wavy World Ent,United Kingdom
Wilby Lane,United Kingdom
WildWalx Ltd,United Kingdom
WILLIAM MAJOR LTD,United Kingdom
Winners London,United Kingdom
Wire Waste,United Kingdom
WORK SPORTS,Pakistan
Wuxi Ltd,United Kingdom
www.Emmaoza.com,United Kingdom
wygetarts,United Kingdom
WYLDBREW Ltd,United Kingdom
YAZ The Label,United Kingdom
Z&D IMPORT uk ltd,United Kingdom
Zauber-Lingerie,United Kingdom
Zeia Ltd,United Kingdom
ZEINIEZ Ltd,United Kingdom
Zenith Universal Ltd,United Kingdom
ZHOUSHAN YANGQIZHOU CLOTHING CO LTD,China
Zoona Choudhary,United Kingdom
Zutra,United Kingdom
Être,United Kingdom
