name,rewriteId,detail_url,country,province,city,zip,street,building,phone,fax,email,homepage,short_description,description,halls,stands,zones,exhibitor_programs,product_categories,usage_areas,product_end_uses,keywords,tags,brands,facebook,instagram,linkedin,twitter,youtube,tiktok,pinterest,wechat,weibo,whatsapp,logo,last_approval,_drop_reason
2r Srl,2r-srl,https://ambiente.messefrankfurt.com/frankfurt/en/exhibitor-search/exhibitor-search-apps.detail.html/2r-srl.html,Italy,Palermo,Partinico,90047,Contrada da Campo snc,,,,,,,,3.0,H3.0-H50,,,,,,,,,,,,,,,,,,,,2025-11-12T08:17:10,no_contact
A. L. Home,a-l-home,https://ambiente.messefrankfurt.com/frankfurt/en/exhibitor-search/exhibitor-search-apps.detail.html/a-l-home.html,India,IND_20,Jaipur,302022,Second Floor E-104 Sitapura Industrial Area,Second Floor,,,,,,,10.4,H10.4-D35,,,,,,,,,,,,,,,,,,,,2025-12-19T07:48:42,no_contact
Anna von Lipa,lipa-47-sro,https://ambiente.messefrankfurt.com/frankfurt/en/exhibitor-search/exhibitor-search-apps.detail.html/lipa-47-sro.html,Czech Republic,,Liberec,460 07,Sumavská 763/3 Liberec III - Jerab,,,,,,,"Born from the fire of Bohemian tradition and cooled in the essence of Scandinavian simplicity, our handmade glass is a celebration...",12.1; 3.1,H12.1-C28A; H3.1-J60,,Contract Business; Hospitality Interiors,Table & Table Select,,,"Glass; Jugs, tumblers, glasses; Home decoration; Hand made production; Colored glass, optical patterns",,,,,,,,,,,,,company_pictures/10000001202501/388035/1732269497461_4222206606.png,2025-11-21T11:40:09,no_contact
Api-X A/S,api-x-as,https://ambiente.messefrankfurt.com/frankfurt/en/exhibitor-search/exhibitor-search-apps.detail.html/api-x-as.html,Denmark,,Give,7323,Ryttervangen 13,,,,,,,,11.0,H11.0-B85,,HoReCa,Interiors & Decoration,,,,,,,,,,,,,,,,,2026-01-13T10:55:00,no_contact
Ariane Fine Porcelain,umberto-ceramics-international-pvt-ltd,https://ambiente.messefrankfurt.com/frankfurt/en/exhibitor-search/exhibitor-search-apps.detail.html/umberto-ceramics-international-pvt-ltd.html,India,,Prantij,383205,"Sadoliya Galteshwar Road, Off NH-8",,,,,,,Ariane Fine Porcelain is a European brand that manufactures a wide array of European-designed series of warm white porcelain...,11.0,H11.0-E39,,HoReCa,HoReCa; Modern Kitchen & Baking,,,Ariane Fine Porcelain; Tableware; porcelain manufacturer; porcelain tableware; Horeca tableware,,,,,,,,,,,,,company_pictures/10000001202501/374804/1738151187472_2392799229.jpg,2025-11-12T10:12:18,no_contact
Artsy Crafts,artsy-crafts,https://ambiente.messefrankfurt.com/frankfurt/en/exhibitor-search/exhibitor-search-apps.detail.html/artsy-crafts.html,India,,Moradabad,244001,"Kothi No 3, Shanti Nagar, Civil Lines",,,,,,,,10.4,H10.4-E68,,,,,,,,,,,,,,,,,,,,2025-10-17T11:20:20,no_contact
ATLAS SPORTS,atlas-sports,https://ambiente.messefrankfurt.com/frankfurt/en/exhibitor-search/exhibitor-search-apps.detail.html/atlas-sports.html,Pakistan,,Sialkot,51310,Dheera Sandha Stop Pasrur Road 10 Km,,,,,,,,10.1,H10.1-F60B,,,,,,,,,,,,,,,,,,,,2025-10-22T09:20:53,no_contact
Ayverdi Ev Tekstil San. ve Tic. Ltd. Sti,ayverdi-ev-tekstil-san-ve-tic-ltd-sti,https://ambiente.messefrankfurt.com/frankfurt/en/exhibitor-search/exhibitor-search-apps.detail.html/ayverdi-ev-tekstil-san-ve-tic-ltd-sti.html,Türkiye,,"Melikgazi, Kayseri",38070,Egribucak Mah. 1138. Sok. No: 16/A,,,,,,,Ayverdi Tekstil is a company founded in 1979 in the Turkish province of Kayseri. The family business started with the production...,9.3,H9.3-D98D,,,,,,Stoff; Bügelbrett; Bügel; Bügelbrettbezug,,,,,,,,,,,,,,2025-10-31T08:36:06,no_contact
Balas Trends,balas-trends,https://ambiente.messefrankfurt.com/frankfurt/en/exhibitor-search/exhibitor-search-apps.detail.html/balas-trends.html,India,,Karur,639003,"55a/1, Sukkaliyur, Sukkaliyur Post",,,,,,,,10.2,H10.2-F40G,,,Interior Design,,,,,,,,,,,,,,,,,2025-11-25T11:26:29,no_contact
Bolsius,bolsius-polska-sprzeda-sp-z-oo,https://ambiente.messefrankfurt.com/frankfurt/en/exhibitor-search/exhibitor-search-apps.detail.html/bolsius-polska-sprzeda-sp-z-oo.html,Netherlands,,Schijndel,5482 KK,"Kaarsenfabriek, Kerkendijk 126",,,,,,,"Bolsius has been making quality products since 1870, creating cosiness and atmosphere. We do this with passion, craftsmanship...",3.0,H3.0-C02,,,Global Sourcing Giving; Interiors & Decoration,,,Memorial Lights; Candle Accesories; Candles; Made in Europe; Home Ambience,,,,,,,,,,,,,company_pictures/10000001202601/452803/1767778698491_2068002142.png,2026-01-07T11:55:18,no_contact
BRASS TOUCH HARDWARE,brass-touch-hardware,https://ambiente.messefrankfurt.com/frankfurt/en/exhibitor-search/exhibitor-search-apps.detail.html/brass-touch-hardware.html,India,,Moradabad,244001,"Katghar Kumharon Wali Gali, c/o Aslam Nepali Hazeera",,,,,,,,10.4,H10.4-F26B,,,,,,,,,,,,,,,,,,,,2025-12-11T09:54:21,no_contact
Broggi 1818,abert-spa-divisione-broggi-1818,https://ambiente.messefrankfurt.com/frankfurt/en/exhibitor-search/exhibitor-search-apps.detail.html/abert-spa-divisione-broggi-1818.html,Italy,Brescia,Passirano,25050,Via Don Primo Mazzolari 17,,,,,,,For over 200 years our company has manufactured unique and refined cutlery and tableware: a story of prestige and great achievements...,11.0,H11.0-D21B,,HoReCa,,,,Cutlery; Hollowware; Made in Italy; Buffet; Lighting,,,,,,,,,,,,,,2025-12-03T16:22:12,no_contact
Cadi Group Shpk,cadi-group-shpk,https://ambiente.messefrankfurt.com/frankfurt/en/exhibitor-search/exhibitor-search-apps.detail.html/cadi-group-shpk.html,Kosovo,,Ferizaj,70510,Babush i Ri Zona Industriale,,,,,,,Cadi Group SHPK has been established since 1974 . Our company is production company. We produce household cleaning items...,9.2,H9.2-E72,,,Clean Home & Storage Solutions,,,"Brushe & Broom, Bürsten & Besen; Dustpan, Squeegee, Kehrschaufeln, Abzieher; Plastic Bucket, Plastik eimer; Floor microfiber mop, Mikrofasermopps für Böden; Metallic fix handle & telescopic handle, Fixgriffe & Teleskopgriffe aus Metall",,,,,,,,,,,,,company_pictures/10000001202501/0052392406/1669819408047_1143346890.png,2025-12-11T11:25:58,no_contact
"Cangzhou Longlin Trading Co., Ltd.",cangzhou-longlin-trading-co-ltd,https://ambiente.messefrankfurt.com/frankfurt/en/exhibitor-search/exhibitor-search-apps.detail.html/cangzhou-longlin-trading-co-ltd.html,China,Hebei,Cangzhou Hebei,061000,"No. 1 Bldg., West Of Canyan Rd., Xinhua District",,,,,,,"Our company main products: Glass candlesticks, Color glass cup,Glass vase and decoration items.We have three factories located...",10.2,H10.2-F20F,,,Table & Table Select,,,candlesticks; candleholders; Color glass cups,,,,,,,,,,,,,,2025-12-09T14:13:51,no_contact
Carryfar Gift (Cambodia) Company Limited,carryfar-gift-cambodia-company-limited,https://ambiente.messefrankfurt.com/frankfurt/en/exhibitor-search/exhibitor-search-apps.detail.html/carryfar-gift-cambodia-company-limited.html,Cambodia,,Angk Snuol District,,"Prey Popel Village Land No. 0135, Road Lum",Prey Popel Village,,,,,,,10.1,H10.1-E51,,,,,,,,,,,,,,,,,,,,2025-10-30T14:02:04,no_contact
"Cement, Glass, Ceramics and Soil Products Exporters’ Association",cement-glass-ceramics-and-soil-products-exporters-association,https://ambiente.messefrankfurt.com/frankfurt/en/exhibitor-search/exhibitor-search-apps.detail.html/cement-glass-ceramics-and-soil-products-exporters-association.html,Türkiye,,Balgat/Ankara,06520,Ceyhun Atuf Kansu Caddesi No: 120,,+90 312 447 27 40,+90 312 447 01 80,oaib@oaib.gov.tr,https://www.turkishceramics.com,,"The Central Anatolian Exporters' Unions General Secretariat became operational in 1989 with the establishment of the ""Cement...",12.0,H12.0-D54,,,Table & Table Select,,,glass; ceramics; cement; türkiye; HoReCa,,,,,,,,,,,,,,2026-01-13T11:46:09,non_commercial
"Changzhou Strong-Faith International Co., Ltd.",changzhou-strong-faith-international-co-ltd,https://ambiente.messefrankfurt.com/frankfurt/en/exhibitor-search/exhibitor-search-apps.detail.html/changzhou-strong-faith-international-co-ltd.html,China,Jiangsu,Changzhou Jiangsu,213002,"7th Floor, Building No. 6, Jinbai Business Square",,,,,,,"Changzhou Strong-faith International Co., ltd. was founded in January 2004, located in Changzhou, China. We specialise in...",10.4,H10.4-F24C,,,Clean Home & Storage Solutions; Interior Design,,,OEM; Low MOQ; Quick sampling,,,,,,,,,,,,,,2025-12-10T10:25:07,no_contact
"Chao Yuon Co., Ltd.",chao-yuon-co-ltd,https://ambiente.messefrankfurt.com/frankfurt/en/exhibitor-search/exhibitor-search-apps.detail.html/chao-yuon-co-ltd.html,Taiwan,TWN_CHA,Xianxi Township,507001,"​No. 18, Zhangbin E. 10th Rd.",,,,,,,CHAO YUON Co. Ltd. is a Taiwanese original design & equipment manufacturer and our three plants located in Changhua County...,11.1,H11.1-F51A,,,Clean Home & Storage Solutions,,,shelving; storage solution; wire rack; trolley; manufacturer,,,,,,,,,,,,,,2026-03-08T04:16:44,no_contact
Chaudhary Exports,chaudhary-exports,https://ambiente.messefrankfurt.com/frankfurt/en/exhibitor-search/exhibitor-search-apps.detail.html/chaudhary-exports.html,India,,Moradabad,244001,Veerpur Industrial Area Sambhal Road,,,,,,,"Chaudhary Exports is a trusted manufacturer and global exporter of premium quality kitchenware, and houseware products crafted...",11.1,H11.1-D38,,,Modern Kitchen & Baking,,,Handcrafted wooden products; Eco friendly wooden kitchen products; salad bowls; cutting boards; chopping boards,,,,,,,,,,,,,,2026-03-08T05:08:57,no_contact
Chen Shing Co. Ltd.,chen-shing-co-ltd,https://ambiente.messefrankfurt.com/frankfurt/en/exhibitor-search/exhibitor-search-apps.detail.html/chen-shing-co-ltd.html,Taiwan,TWN_TPE,Taipei,110,"2F, No. 72, Lane 423, Sec. 5, Chung Shiao E. Road, Xinyi District",,,,,,,"Established in 2004 , Chen Shing Co Ltd is a professional manufacturer and exporter that is concerned with the design, development...",10.4,H10.4-E21B,,,Table & Table Select,,,glass; candle holder; plate; decoration; vase,,,,,,,,,,,,,,2025-11-17T07:47:04,no_contact
"Chromolite Cutelarias Portuguesas, Lda.",chromolite---cutelarias-portuguesas-unipessoal-lda,https://ambiente.messefrankfurt.com/frankfurt/en/exhibitor-search/exhibitor-search-apps.detail.html/chromolite---cutelarias-portuguesas-unipessoal-lda.html,Portugal,,Braga,4700-206,"Rua de Caires, 42/48, Loja 29",,,,,,,Feel the tradition! CHROMOLITE is the result of decades of perfection in the art of cutlery. Recognized for the quality and...,8.0,H8.0-A70,,,Table & Table Select,,,DALPER; MADE IN PORTUGAL; CUTLERY; CHROMOLITE; FLATWARE,,,,,,,,,,,,,,2026-03-08T03:28:28,no_contact
Clathea S.r.l.,clathea-srl,https://ambiente.messefrankfurt.com/frankfurt/en/exhibitor-search/exhibitor-search-apps.detail.html/clathea-srl.html,Italy,Napoli,San Giorgio a Cremano,80046,Via Filippo Turati 13,,,,,,,"The Legacy of Alessandro Coppola Alessandro Coppola represent the excellence of Italian glassmaking, rooted in a heritage...",12.1,H12.1-D70,,,Table & Table Select,,,,,,,,,,,,,,,,,2026-01-30T16:04:53,no_contact
Coast Pacific Manufacturing Corp.,coast-pacific-manufacturing-corp,https://ambiente.messefrankfurt.com/frankfurt/en/exhibitor-search/exhibitor-search-apps.detail.html/coast-pacific-manufacturing-corp.html,Philippines,,Cebu City,6000,"CPMC Bldg., Coast Pacific St. Mahiga Creek, Kasambagan Banilad",,,,,,,,10.4,H10.4-B42,,,,,,,,,,,,,,,,,,,,2025-12-01T11:45:14,no_contact
Conway Designs Inc.,conway-designs-inc,https://ambiente.messefrankfurt.com/frankfurt/en/exhibitor-search/exhibitor-search-apps.detail.html/conway-designs-inc.html,Philippines,,"Cainta, Rizal",1900,"3rd Street, Cor 5th St Gruar Subd. No. 88 Felix Ave., Bgy Sto Domingo",,,,,,,,10.4,H10.4-C51,,,,,,,,,,,,,,,,,,,,2025-12-11T16:56:10,no_contact
Dajar SP. z o.o.,dajar-spzoo,https://ambiente.messefrankfurt.com/frankfurt/en/exhibitor-search/exhibitor-search-apps.detail.html/dajar-spzoo.html,Poland,,Koszalin,75-072,Poltawska 6,,,,,,,"DAJAR is a European leader in the production and distribution of household and kitchen appliances, garden furniture and articles...",8.0,H8.0-J30,,,Cook & Cut; Global Sourcing Dining,,,Cooking; Frying pans and pots; Kitchen; Bakeware; Kettles,,,,,,,,,,,,,,2025-11-11T09:23:57,no_contact
Dela Cruz House Of Pina Inc.,dela-cruz-house-of-pina-inc,https://ambiente.messefrankfurt.com/frankfurt/en/exhibitor-search/exhibitor-search-apps.detail.html/dela-cruz-house-of-pina-inc.html,Philippines,,Kalibo,5600,No. 81 Brgy. New Buswang,,,,,,,,10.4,H10.4-B42,,,,,,,,,,,,,,,,,,,,2025-11-17T08:12:14,no_contact
Delta Exports Private Limited,delta-exports-private-limited,https://ambiente.messefrankfurt.com/frankfurt/en/exhibitor-search/exhibitor-search-apps.detail.html/delta-exports-private-limited.html,India,,New Delhi,110074,"293 Dhanmill Road, Chattarpur Hills",,,,,,,"Delta Exports is the largest manufacturer and exporter of Home Fragrance Products like candles, Reed Diffusers, Incense Sticks...",10.1,H10.1-C47,,,Global Sourcing Giving; Interiors & Decoration,,,Delta; Reed diffuser; Candles; Incense; Oil,,,,,,,,,,,,,,2026-03-08T03:16:21,no_contact
Design 2100 International,design-2100-international,https://ambiente.messefrankfurt.com/frankfurt/en/exhibitor-search/exhibitor-search-apps.detail.html/design-2100-international.html,India,,Noida,201305,"C-131, Phase II, Industrial Area (H.C.)",,,+91 120 650 0922,,,,Welcome to India's one of the leading manufacturing and exporting company of home textiles. With a rich heritage and decades...,10.3,H10.3-E51,,,Global Sourcing Living; Table & Table Select,,,Placemats Tischsets; Napkins Servietten Stoffservietten; Kitchen Towels Küchentücher; Sustainable Home Textiles Nachhaltige Heimtextilien; Hersteller und Exporteur von Eigenmarken (OEM),,,,,,,,,,,,,,2025-11-22T13:20:13,no_contact
DESIGNPhilippines,designphilippines,https://ambiente.messefrankfurt.com/frankfurt/en/exhibitor-search/exhibitor-search-apps.detail.html/designphilippines.html,Philippines,,Pasay City,1300,Puyat Ave. Roxas Blvd. corner Sen Gil,Puyat Ave.,,,,,,,10.4,H10.4-A49,,,Interior Design; Interiors & Decoration,,,,,,,,,,,,,,,,,2026-03-08T03:29:47,no_contact
DMW Housewares,dmw-housewares,https://ambiente.messefrankfurt.com/frankfurt/en/exhibitor-search/exhibitor-search-apps.detail.html/dmw-housewares.html,India,IND_07,Sonepat,131028,"Plot No. 475, EPIP, HSIIDC, Sector 53, Phase-3, Kundli",,,,,,,,11.1,H11.1-C10,,,,,,cookware; sausepan; frypan; mixingbowl,,,,,,,,,,,,,,2025-11-12T11:28:28,no_contact
Dornat Marketing Ltd.,dornat-marketing-ltd,https://ambiente.messefrankfurt.com/frankfurt/en/exhibitor-search/exhibitor-search-apps.detail.html/dornat-marketing-ltd.html,Israel,,Hod Hasharon,4532002,Beit Habad 2,,,,,,,"DORNAT, founded 30 years ago, was born out of our passion for beauty and unique design.We believe that every moment of life...",4.2,H4.2-D19,,,,,,Stationery; Workspace Items; Office Supplies; Paper Products; Gifts & Cards,,,,,,,,,,,,,,2026-03-08T03:13:16,no_contact
"EITAI Co., Ltd",eitai-co-ltd,https://ambiente.messefrankfurt.com/frankfurt/en/exhibitor-search/exhibitor-search-apps.detail.html/eitai-co-ltd.html,Japan,Tokyo,Minato-Ku Tokyo,105-0004,5-15-5 Shinbashi 3f Koutsubldg,3f Koutsubldg,,,,,,,10.1,H10.1-D28,,,,,,,,,,,,,,,,,,,,2025-09-17T03:03:36,no_contact
Elegant Products UK Ltd.,elegant-products-uk-ltd,https://ambiente.messefrankfurt.com/frankfurt/en/exhibitor-search/exhibitor-search-apps.detail.html/elegant-products-uk-ltd.html,Great Britain and Northern Ireland,,Wigston,LE18 3XH,8 Naseby Close,,,,,,,"Elegant products UK Ltd is a UK based specialist supplier in quality mixed cutlery set, dinner ware, slate ware and kitchen...",11.1,H11.1-C28,,,Global Sourcing Dining,,,"Cutlery Set,Stainless Steel,Flatware,Forks,Knife,Spoon,Dinner Set,Dinnerware,Wholesale,Online Retail; Besteckset,Rostfreier Stahl Besteck,Gabeln,Messer,Löffel,Tafelservice,Geschirr,Großhandel,Einzelhandelzelhandel; Slate ware,Ceramic,Porcelain,China Dinning Set,Earthenware,Stoneware,Plate,Bowl,Marble Chopping Board,Wooden Paddle; Schiefergeschirr,Keramik,Porzellan,Porzellan-Geschirr,Steingut,Steingut,Teller,Schüssel,Schneidebrett aus Marmor,Holzpaddel; BSCI,SEDEX,ISO9001Certified Manufactory Company,Eco-Friendy,Sustainable Products",,,,,,,,,,,,,,2026-03-08T03:13:27,no_contact
EMID IGT LLC,emid-igt-llc,https://ambiente.messefrankfurt.com/frankfurt/en/exhibitor-search/exhibitor-search-apps.detail.html/emid-igt-llc.html,United Arab Emirates,,Dubai,2723,"Prime Tower, Business Bay 2503",,,,,,,"With over 60 years of trading experience from its founders, established in 1997 and rapidly launched its first phase of...",12.0,H12.0-C73,,,,,,Crystal Glass; Glass; Gift; Dinnerware; Drinkware,,,,,,,,,,,,,,2026-03-08T03:19:06,no_contact
Enva Experto S.L.,enva-experto-sl,https://ambiente.messefrankfurt.com/frankfurt/en/exhibitor-search/exhibitor-search-apps.detail.html/enva-experto-sl.html,Spain,,Hospitalet de Llobregat,08907,"Carrer Crom, 120 Nave",,,,,,,"Enva Experto is an eco friendly food packaging company based in Barcelona, Spain. It is recognized as an elite company in...",11.0,H11.0-A30,,HoReCa,HoReCa; Table & Table Select,,,eco friendly; biodegradable; compostable; food packaging; crockery,,,,,,,,,,,,,,2026-03-08T03:15:33,no_contact
Export Promotion Council For Handicrafts,export-promotion-council-for-handicrafts,https://ambiente.messefrankfurt.com/frankfurt/en/exhibitor-search/exhibitor-search-apps.detail.html/export-promotion-council-for-handicrafts.html,India,IND_30,New Delhi,110070,"Vasant Kunj EPCH House, Pocket 6&7, Sector C",Vasant Kunj,+91 11 2613 5256,+91 11 2613 5518,mails@epch.com,https://www.epch.in,,Export Promotion Council for Handicrafts (EPCH) is the apex organization representing handicrafts manufacturers & exporters...,10.1; 10.2; 10.4,H10.1-E85; H10.2-E61A; H10.2-F60A; H10.4-E43; H10.4-E51A,,,,,,EPCH; EPCH India; GIFTS; INDIAN HANDICRAFTS,,,,,,,,,,,,,company_pictures/10000001202601/466183/1765899946854_3426301794.png,2026-03-08T04:43:02,non_commercial
Flora International,flora-international,https://ambiente.messefrankfurt.com/frankfurt/en/exhibitor-search/exhibitor-search-apps.detail.html/flora-international.html,India,,Panipat,132103,"Plot-17, Sector-25, Part-2, Huda",,,,,,,"Flora International, a home furnishing textile company established in 1984. It highlights the company’s commitment to excellence...",10.3,H10.3-D42,,,Global Sourcing Living; Interior Design,,,Sustainability; Carpet; Rug; Homefurnishing; Bathmat,,,,,,,,,,,,,,2025-11-19T12:41:46,no_contact
FNS International Limited,fns-international-limited,https://ambiente.messefrankfurt.com/frankfurt/en/exhibitor-search/exhibitor-search-apps.detail.html/fns-international-limited.html,India,,Delhi,110034,"B-09, Netaji Subhash Place 313, 3rd Floor, ITL Twin Tower Pitampura, New Delhi",,,,,,,"FNS International Ltd. is a global manufacturer and premium tableware brand from India, delivering world-class cutlery, tableware...",11.0,H11.0-E75,,HoReCa,HoReCa; Table & Table Select,,,Cutlery; tabeware; Chaffing dishes; premium cutlery,,,,,,,,,,,,,company_pictures/10000001202601/470262/1763032749836_727625083.png,2025-12-15T10:47:35,no_contact
Gajanan India,gajanan-india,https://ambiente.messefrankfurt.com/frankfurt/en/exhibitor-search/exhibitor-search-apps.detail.html/gajanan-india.html,India,,Noida,201304,"9043, Parx Laureate, Sector 108",,,,,,,,10.3,H10.3-D19,,,,,,,,,,,,,,,,,,,,2026-03-08T03:40:24,no_contact
Gerimport SL,gerimport-sl,https://ambiente.messefrankfurt.com/frankfurt/en/exhibitor-search/exhibitor-search-apps.detail.html/gerimport-sl.html,Spain,,Beniel,30130,Avda. Region de Murcia 14 Nave 6,Nave 6,,,,,,"Founded in 1993, Gerimport is a family company with more than 30 years of experience and continuous growth, both in turnover...",9.3,H9.3-A80,,,,,,Decoration; Kitchen; Garden; Bathroom; Summer,,,,,,,,,,,,,,2025-11-14T10:52:57,no_contact
Global Retail Brands USA LLC,global-retail-brands-usa-llc,https://ambiente.messefrankfurt.com/frankfurt/en/exhibitor-search/exhibitor-search-apps.detail.html/global-retail-brands-usa-llc.html,United States,,Los Angeles,90048-5268,"6300 Wilshire Blvd, Ste 2030",,,,,,,"Cuisine::pro® BUILT FOR CHEFS Beloved by professional chefs and home cooks alike, Cuisine::pro® sets the standard for excellence...",8.0,H8.0-K90,,,Cook & Cut,,,Knife Block Sets; Japanese Knife; Germany Knife; Cookware Sets; Stainless Steel; ceramic cookware; Cuisinepro; Germany Knife; Cast Iron Cookware; Nonstick Cookware,,,,,,,,,,,,,company_pictures/10000001202501/373945/1737499855229_3469689459.png,2025-11-27T21:46:16,no_contact
Greenomic Delicatessen Sarl,greenomic-delicatessen-sarl,https://ambiente.messefrankfurt.com/frankfurt/en/exhibitor-search/exhibitor-search-apps.detail.html/greenomic-delicatessen-sarl.html,Luxembourg,,Luxembourg,1521,106 Rue Adolphe Fischer,,,,,,,"We stand with our name Greenomic which focuses on ""Green"" for the pure, first-class quality of our products along with the...",9.1,H9.1-B49,,,Modern Kitchen & Baking,,,Delikatessen; Schokolade; Gourmet; Feinkost,,,,,,,,,,,,,,2026-01-10T20:43:42,no_contact
Grupo Mercantil Tridente Inc,grupo-mercantil-tridente-inc,https://ambiente.messefrankfurt.com/frankfurt/en/exhibitor-search/exhibitor-search-apps.detail.html/grupo-mercantil-tridente-inc.html,Panama,,Panama,,"Country Height Departamento 14 Principal, Edificio",Country Height Departamento 14,,,,,,,8.0,H8.0-M59,,,,,,,,,,,,,,,,,,,,2025-10-30T10:30:31,no_contact
"Guangzhou Diller Daily Necessities Co., Ltd.",guangzhou-diller-daily-necessities-co-ltd,https://ambiente.messefrankfurt.com/frankfurt/en/exhibitor-search/exhibitor-search-apps.detail.html/guangzhou-diller-daily-necessities-co-ltd.html,China,Guangdong,Guangzhou Guangdong,510000,"Rm. 2908, No. 39 Jiefang South Rd Yuexiu District","Rm. 2908, No. 39 Jiefang South Rd",,,,,,"DILLER Established in 2009, DILLER specializes in the R&D, design, and manufacturing of premium drinkware, offering adult...",10.2,H10.2-F10C,,,Modern Kitchen & Baking,,,Vacuum Flask; Vacuum Bottle; Plastic water bottle; Glass water bottle; Thermos Flask,,,,,,,,,,,,,,2025-11-27T07:41:26,no_contact
"Guangzhou Golmate Co., Ltd.",guangzhou-golmate-co-ltd,https://ambiente.messefrankfurt.com/frankfurt/en/exhibitor-search/exhibitor-search-apps.detail.html/guangzhou-golmate-co-ltd.html,China,Guangdong,Guangzhou Guangdong,510075,"2nd Floor, No. 36 Shuiyin Straight Street Huanghuag, Yuexiu District","2nd Floor, No. 36 Shuiyin Straight Street",,,,,,,10.2,H10.2-E21E,,,,,,,,,,,,,,,,,,,,2025-10-27T09:12:14,no_contact
"Guilin Lovehome Household Articles Co., Ltd.",guilin-lovehome-household-articles-co-ltd,https://ambiente.messefrankfurt.com/frankfurt/en/exhibitor-search/exhibitor-search-apps.detail.html/guilin-lovehome-household-articles-co-ltd.html,China,Guangxi Zhuangzu Zizhiqu,Guilin Guangxi Zhuangzu Zizhiqu,541002,"Rm 402, Bldg. 13. Wanfu Plaza No. 90 Kaifeng Road Xiangshan District","Rm 402, Bldg. 13. Wanfu Plaza",,,,,,"Guilin Lovehome Household Articles CO.,LTDEstablish at 2012; located at Guilin city.Sales team of Over 30 staff to provide...",11.1,H11.1-G30C,,,Clean Home & Storage Solutions,,,wooden hanger; metal hanger; plastic hanger,,,,,,,,,,,,,,2025-11-28T03:58:22,no_contact
Gurok Pazarlama ve Ticaret A. S.,gurok-pazarlama-ve-ticaret-a-s,https://ambiente.messefrankfurt.com/frankfurt/en/exhibitor-search/exhibitor-search-apps.detail.html/gurok-pazarlama-ve-ticaret-a-s.html,Türkiye,,Kutahya,43001,"LAV Blok, Inkoy Mah. Eskisehir Karayolu Bul. No: 96",,,,,,,"At OJO, we understand that life is a dance—a mix of lively beats and calm interludes. Our candles are crafted to match every...",3.0,H3.0-A88,,,Interior Design; Interiors & Decoration,,,scented candle; home fragrance; gift; jar candle; special days,,,,,,,,,,,,,,2025-11-12T09:03:38,no_contact
Handloom Export Promotion Council,handloom-export-promotion-council,https://ambiente.messefrankfurt.com/frankfurt/en/exhibitor-search/exhibitor-search-apps.detail.html/handloom-export-promotion-council.html,India,,Chennai,600034,"34 Cathedral Garden Road, Nungambakkam",,+91 44 2827 8879,+91 44 2827 1761,fairs@hepcindia.com,https://www.hepcindia.com,,"Handloom Export Promotion Council (HEPC) is a nodal agency constituted under ""The Ministry of Textiles, Government of India...",10.1; 10.2; 10.4,H10.1-F48; H10.2-F40E; H10.4-D43,,,,,,"BED, BATH; TABLE, KITCHEN; FABRICS, CURTAIN; FURNISHING, FLOOR COVERING; Fashion Accessories",,,,,,,,,,,,,,2026-03-08T04:23:28,non_commercial
Hangzhou Bo Yuan International Transportation Company Limted,hangzhou-bo-yuan-international-transportation-company-limted,https://ambiente.messefrankfurt.com/frankfurt/en/exhibitor-search/exhibitor-search-apps.detail.html/hangzhou-bo-yuan-international-transportation-company-limted.html,China,Zhejiang,Hangzhou Zhejiang,310000,"No. 6. 1st. Xiyuan Road, West Lake Technology & Economic Zone",,,,,,,"**Hangzhou Boyuan International Freight Forwarding Co., Ltd. – A Trusted Partner in Foreign Trade**Hangzhou Boyuan International...",10.4,H10.4-F48B,,,Top Deals & Collections,,,bathroom accessories; bath mat; shower curtain; bath rug; ceramic/polyresin set,,,,,,,,,,,,,,2025-12-19T08:40:48,no_contact
"Hangzhou Joyplus Co., Ltd.",hangzhou-joyplus-co-ltd,https://ambiente.messefrankfurt.com/frankfurt/en/exhibitor-search/exhibitor-search-apps.detail.html/hangzhou-joyplus-co-ltd.html,China,Zhejiang,Hangzhou Zhejiang,310051,"R. 702, No. 567 Jiangling Rd., Xindongfang Int Center",,,,,,,"Operating since 2003Started in 2003, Joyplus was just a home product export department of ""Zhejiang Cereals Oils & Foodstuffs...",11.1,H11.1-E21B,,,,,,sponge scourer; Microfiber cleaning cloth; cleaning brush,,,,,,,,,,,,,,2026-01-23T09:49:45,no_contact
"Hangzhou Kaixing Stationery Co., Ltd.",hangzhou-kaixing-stationery-co-ltd,https://ambiente.messefrankfurt.com/frankfurt/en/exhibitor-search/exhibitor-search-apps.detail.html/hangzhou-kaixing-stationery-co-ltd.html,China,,"Hangzhou, Zhejiang",311519,"No. 10 Tianying Road, Fenshui Town Tonglu County","No. 10 Tianying Road, Fenshui Town",,,,,,About UsKaixing Stationery is a leading manufacturer and OEM specialist dedicated to creat high quality and cost-effective...,10.0,H10.0-E25E,,,,,,Gel Pen; Color Gel Pen Set; Stationery Set; Marker; Gift Set,,,,,,,,,,,,,,2025-12-12T05:12:37,no_contact
"HANGZHOU QINGE TRADE CO., LTD.",hangzhou-qinge-trade-co-ltd,https://ambiente.messefrankfurt.com/frankfurt/en/exhibitor-search/exhibitor-search-apps.detail.html/hangzhou-qinge-trade-co-ltd.html,China,Zhejiang,Hangzhou Zhejiang,311215,"Room 2002, Building 2, Zuoyou Business Center Ningwei Street, Xiaoshan District","Room 2002, Building 2, Zuoyou Business Center",,,,,,A manufacturer and exporter with more than 18 years’ experience concentrating on household products. Working with top clients...,11.1,H11.1-E78,,Ethical Style by Ambiente,,,,"Professional household manufacturer professioneller Hersteller von Haushaltswaren; Drinkware, Kitchenware, Home Decor, Bathroom Accessories, Home Storage, household producttrinkgeschirr, küchengeschirr, haushaltsdekoration, badezimmerzubehör, aufbewahrung, haushaltsprodukte; Sustainable and eco-friendly material water bottle Nachhaltiges und umweltfreundliches Material Wasserflasche; Home compostable Degradable coffee mug cork mug Plastic water bottle home kompostierbaren abbaubaren Kaffeebecher Korkbecher Kunststoff Wasserflasche; BSCI, ISO9001 Approved, also pass Walmart factory audit and have FAMA certificate for Disney. FSC and GRS approved. BSCI, ISO9001 Approved, auch Walmart Fabrik Audit und haben FAMA-Zertifikat für Disney. FSC- und GRS-zertifiziert.",,,,,,,,,,,,,,2025-10-21T08:19:47,no_contact
Harvest Designs and Products Limited,harvest-designs-and-products-limited,https://ambiente.messefrankfurt.com/frankfurt/en/exhibitor-search/exhibitor-search-apps.detail.html/harvest-designs-and-products-limited.html,Hong Kong,,North Point,,"Suite B, 20/F, 388 North Cape Comm. Building, King's Rd","Suite B, 20/F, 388 North Cape",,,,,,,11.1,H11.1-G60C,,,,,,,,,,,,,,,,,,,,2025-12-15T15:51:13,no_contact
"Hebei Cookwin Kitchen Products Co., Ltd.",hebei-cookwin-kitchen-products-co-ltd,https://ambiente.messefrankfurt.com/frankfurt/en/exhibitor-search/exhibitor-search-apps.detail.html/hebei-cookwin-kitchen-products-co-ltd.html,China,Hebei,Shijiazhuang Hebei,050033,"Rm 1601, Tianzhou Business Plaza No. 19, Jinshi Street Chang'An District","Rm 1601, Tianzhou Business Plaza",,,,,,"Hebei Cookwin Kitchen Products.,Ltd, founded in 1998, is one of the famous and leading manufacturer specialized in the production...",11.1,H11.1-G51A,,,Cook & Cut,,,cast iron cookware; dutch oven; casserole; pot; frypan,,,,,,,,,,,,,,2025-12-11T16:58:24,no_contact
Home And You (Ningbo) Limited,home-and-youningbo-limited,https://ambiente.messefrankfurt.com/frankfurt/en/exhibitor-search/exhibitor-search-apps.detail.html/home-and-youningbo-limited.html,China,Zhejiang,Ningbo Zhejiang,361028,"5/F, Building 1, No. 177 Jingu Middle Road, Yinzhou",,,,,,,"HOME AND YOU, founded in 2009, is a professional trading company specializing in home decoration. Based in Ningbo, China...",10.3,H10.3-B45,,,Table & Table Select,,,organic; ceramic; Vase; Table Ornament; Wall deco,,,,,,,,,,,,,,2025-12-10T08:03:28,no_contact
Homede Viet Nam Company Limited,homede-viet-nam-company-limited,https://ambiente.messefrankfurt.com/frankfurt/en/exhibitor-search/exhibitor-search-apps.detail.html/homede-viet-nam-company-limited.html,Vietnam,,Thuan An,,"Binh Thuan 2 Quarter Plot 415, Map No A4, Dc110",Binh Thuan 2 Quarter,,,,,,,10.1; 10.4,H10.1-D47; H10.4-D28,,,,,,Kitchen; Storage; Home decoration; Ceramics; Household commodity,,,,,,,,,,,,,,2025-12-15T16:23:47,no_contact
Homey's Tools For Life B.V.,homeys-tools-for-life-bv,https://ambiente.messefrankfurt.com/frankfurt/en/exhibitor-search/exhibitor-search-apps.detail.html/homeys-tools-for-life-bv.html,Netherlands,NLD_07,'s-Hertogenbosch,5327 MZ,Sluisweg 196,,,,,,,"We are Homey’s Tools For Life Ever since 1970, we are specialized in knives and tools to conquer everyday life. Quality, sustainability...",9.0,H9.0-A30,,,Cook & Cut,,,Kitchenware; Gifts; Kitchen knives; Cooking; Lifestyle,,,,,,,,,,,,,,2026-03-08T02:55:54,no_contact
"Hunan Chuangyi Bamboo & Wood Products Co., Ltd.",hunan-chuangyi-bamboo--wood-products-co-ltd,https://ambiente.messefrankfurt.com/frankfurt/en/exhibitor-search/exhibitor-search-apps.detail.html/hunan-chuangyi-bamboo--wood-products-co-ltd.html,China,Hunan,Shaoyang Hunan,422000,Industrial Park Xiangshang Maoping Chengbu Miao Autonomous County,Industrial Park Xiangshang,,,,,,"Hunan Chuangyi Bamboo&Wood Products Co. Ltd. is located inChengbu County, Shaoyang City, Hunan Province. Chengbu Countyhas...",11.1,H11.1-F31B,,,Clean Home & Storage Solutions; Modern Kitchen & Baking,,,Bamboo disposable cutlery; Wooden disposable cutlery; Bamboo sticks/skewers/picks; Bamboo and wooden plates; Eco-friendly cutlery,,,,,,,,,,,,,,2025-12-10T04:07:39,no_contact
"Hunan Sunye Decor Materials Co., Ltd.",hunan-sunye-decor-materials-co-ltd,https://ambiente.messefrankfurt.com/frankfurt/en/exhibitor-search/exhibitor-search-apps.detail.html/hunan-sunye-decor-materials-co-ltd.html,China,Hunan,Changsha Hunan,410000,"Room 301-06 Haotian Building, No. 418, Bayi Road, Furong District",,,,,,,"Sunye is a professional manufacturing vendor with 30 years experience indecorative film industry, with a monthly output...",10.4,H10.4-F13B,,,,,,wall decoration sticker; glass decoration sticker; floor decoration sticker; furniture decoration sticker; festival and seasonal sticker,,,,,,,,,,,,,,2025-12-12T09:43:55,no_contact
"Hunan Yongzhou Jinyuan Crafts Co., Ltd.",hunan-yongzhou-jinyuan-crafts-co-ltd,https://ambiente.messefrankfurt.com/frankfurt/en/exhibitor-search/exhibitor-search-apps.detail.html/hunan-yongzhou-jinyuan-crafts-co-ltd.html,China,Hunan,Yongzhou Hunan,425000,"Room 115 Building 3, Four Families Dormitory Wanshan Road, Longpo Town, Shuangpai Count",Room 115,,,,,,,10.4,H10.4-F11B,,,,,,,,,,,,,,,,,,,,2025-12-15T17:54:12,no_contact
INDIGO METALWARE LLP,indigo-metalware-llp,https://ambiente.messefrankfurt.com/frankfurt/en/exhibitor-search/exhibitor-search-apps.detail.html/indigo-metalware-llp.html,India,,Palghar,401201,"Flat No. 104, F Wing, Sky Height Evershine City Gokhiware",,,,,,,,11.1,H11.1-D44,,,,,,,,,,,,,,,,,,,,2025-12-01T14:10:14,no_contact
Inspira Prime International Corporation,inspira-prime-international-corporation,https://ambiente.messefrankfurt.com/frankfurt/en/exhibitor-search/exhibitor-search-apps.detail.html/inspira-prime-international-corporation.html,Philippines,,Quezon City,1113,Barangay Tatalon No. 1 Mazaraga Street Corner Agno Extension,Barangay Tatalon,,,,,,The new generation of thermal bottle to take from one adventure to the next. AquaFlask is engineered with double wall insulation...,11.1,H11.1-E51,,,Modern Kitchen & Baking,,,Water Bottle; Flask; AquaFlask; Insulated bottle; Drinking bottle,,,,,,,,,,,,,,2026-03-08T03:14:39,no_contact
Ivv Italia Srl,ivv-italia-srl,https://ambiente.messefrankfurt.com/frankfurt/en/exhibitor-search/exhibitor-search-apps.detail.html/ivv-italia-srl.html,Italy,Arezzo,San Giovanni Valdarno,52027,Lungarno Guido Reni 60,,,,,,,"IVV is one of the main and very few remaining glass factories that were born in Italy, that developed there and that still...",12.1,H12.1-D60,,,Table & Table Select,,,Glass; Tableware; Vases; Glasses and goblets; Glassware,,,,,,,,,,,,,,2026-03-08T03:41:28,no_contact
"Jiangmen Greenfrom Household Co., Ltd.",jiangmen-greenfrom-household-coltd,https://ambiente.messefrankfurt.com/frankfurt/en/exhibitor-search/exhibitor-search-apps.detail.html/jiangmen-greenfrom-household-coltd.html,China,Guangdong,Jiangmen Guangdong,529000,"5/F, No. 228 Baishi Avenue","5/F, No. 228",,,,,,"Jiangmen Greenfrom Household Co. Ltd(GREENFROM), located in Jiangmen City, the famous hometown of Oversea Chinese, is the...",10.4,H10.4-E03B,,,Interior Design,,,mirror; bathroom mirror; Schminkspiegel; mini fridge with LED light; Hollywood mirror,,,,,,,,,,,,,,2025-12-10T03:51:39,no_contact
"Jiangxi Meican Industry And Trade Co., Ltd.",jiangxi-meican-industry-and-trade-co--ltd,https://ambiente.messefrankfurt.com/frankfurt/en/exhibitor-search/exhibitor-search-apps.detail.html/jiangxi-meican-industry-and-trade-co--ltd.html,China,Jiangxi,Fuzhou Jiangxi,344300,"Zongsi, Zongsi Road, Le'An County",,,,,,,"Jiangxi Meican Industry & Trade Co,. Ltd is an integrated enterprise which includes design, production, sales and trade, Our...",10.1,H10.1-F75C,,,"Urban Gifts, Stationery & School",,,CHILDREN'S BACKPACK; KIDS HAIR ACCESSOREIES; FASHION ACCESSORIES.; Tutu set; cosmetic bags,,,,,,,,,,,,,,2025-12-10T09:02:07,no_contact
"Jinhua East Best Import And Export Co., Ltd.",jinhua-east-best-import-and-export-co-ltd,https://ambiente.messefrankfurt.com/frankfurt/en/exhibitor-search/exhibitor-search-apps.detail.html/jinhua-east-best-import-and-export-co-ltd.html,China,Zhejiang,Jinhua Zhejiang,321000,"Rm 605, No. 139, Renmin W. Rd. Wucheng","Rm 605, No. 139, Renmin W. Rd.",,,,,,"Established in 2002, East Best Enterprise is the earliest sepcialized pepper mill manufacturer in China. East Best 's patended...",10.2,H10.2-D19A,,,Cook & Cut,,,pepper mill; electric pepper mill; pepper grinder; coffee grinder; Rechargeable salt and pepper mill,,,,,,,,,,,,,,2025-11-13T09:21:03,no_contact
"Kha Trien (Viet Nam) Hardicraft Co., Ltd.",kha-trien-viet-nam-hardicraft-co-ltd,https://ambiente.messefrankfurt.com/frankfurt/en/exhibitor-search/exhibitor-search-apps.detail.html/kha-trien-viet-nam-hardicraft-co-ltd.html,Vietnam,,Long An,,"Hamlet 3, My Yen Commune",,,,,,,,10.1,H10.1-E17,,,,,,,,,,,,,,,,,,,,2025-10-21T10:01:02,no_contact
Laurel Gangrong Co. LTD.,laurel-gangrong-co-ltd,https://ambiente.messefrankfurt.com/frankfurt/en/exhibitor-search/exhibitor-search-apps.detail.html/laurel-gangrong-co-ltd.html,United States,Minnesota,Minneapolis Minnesota,55423-1196,6417 Penn Ave South Suite 7-1078,Suite 7-1078,,,,,,The Laurel brand has Manufacturing Bases Globally- China & Vietnam -25 Years in OEM &ODM Business-3 Factory Locations (China...,8.0,H8.0-A86,,,Cook & Cut,,,"Kitchen knife, Küchenmesser; Kitchen accessories, Küchenzubehör; Kitchen Scissors & Shears, Küchenscheren und -scheren; Knives, Messer; Manufacturer, Herstellung",,,,,,,,,,,,,,2025-11-26T03:05:27,no_contact
Lfa Holdings (pty) Ltd,lfa-holdings-pty-ltd,https://ambiente.messefrankfurt.com/frankfurt/en/exhibitor-search/exhibitor-search-apps.detail.html/lfa-holdings-pty-ltd.html,South Africa,,Bethanie,0300,Hse No 48557 Bethanie East,,,,,,,"-We help you create lasting memories and personalised interior products to match your feeling, personality through our handcrafted...",10.4,H10.4-E61,,,,,,Sustainability; Craft & Gifts; Baskets; Interior Design; Furniture,,,,,,,,,,,,,,2026-02-06T15:03:43,no_contact
"Liling Greenlife Ceramic Co., Ltd.",liling-greenlife-ceramic-co-ltd,https://ambiente.messefrankfurt.com/frankfurt/en/exhibitor-search/exhibitor-search-apps.detail.html/liling-greenlife-ceramic-co-ltd.html,China,Hunan,Zhuzhou Hunan,412200,"No. 22, Tuanyuzhou Qishi Village Yangsanshi, Liling","No. 22, Tuanyuzhou Qishi Village",,,,,,"GREENLIFE, founded in 2019 and based in Liling, Hunan’s ceramic hub, specializes in trading classic, natural-style ceramic...",10.2,H10.2-F21C,,,Table & Table Select,,,ceramic tableware; ceramic dinnerware; stoneware dinnerware; stoneware tableware,,,,,,,,,,,,,,2025-12-04T04:14:42,no_contact
LM (Shenzhen) Houseware Co. Ltd.,lmshenzhen-houseware-co-ltd,https://ambiente.messefrankfurt.com/frankfurt/en/exhibitor-search/exhibitor-search-apps.detail.html/lmshenzhen-houseware-co-ltd.html,China,Guangdong,Shenzhen Guangdong,518131,"Room 209, Unit 3, Block 5, Haoyue Garden, Minzhi Street, Longhua District","Room 209, Unit 3, Block 5,",,,,,,"LM Houseware has been dedicated to the development, manufacturing, and sales of stainless-steel kitchenware for over 20 years.Our...",10.2,H10.2-F10D,,,Cook & Cut; Table & Table Select,,,Cutllery; Knife; Besteck; Messer; Damascus knife,,,,,,,,,,,,,,2025-12-12T04:30:33,no_contact
Maitre Savonitto,sarl-atelier-du-savon,https://ambiente.messefrankfurt.com/frankfurt/en/exhibitor-search/exhibitor-search-apps.detail.html/sarl-atelier-du-savon.html,France,,Seillans,83440,Za Broves En Seillans 320 Allee des Esclapieres,Za Broves En Seillans,,,,,,"Atelier du Savon, manufacturer of soaps and natural cosmetics based in the south of France. The Art of Anhydrous Cosmetics...",3.0,H3.0-B87,,Ethical Style by Ambiente,,,,soap; natural cosmetics; sustainable; Made in France; Perfumes from Grasse,,,,,,,,,,,,,,2025-11-09T14:44:20,no_contact
Marsc Srl,marsc-srl,https://ambiente.messefrankfurt.com/frankfurt/en/exhibitor-search/exhibitor-search-apps.detail.html/marsc-srl.html,Italy,,Firenze,50132,Via Giuseppe La Farina 47,,,,,,,"Logevy Firenze 1965 was born in Florence, a city where art, culture, and a refined sense of beauty are part of everyday life...",3.0,H3.0-B78,,,Interior Design; Interiors & Decoration,,,Home Fragrances; Wellness; Ambient Scenting; Florentine Design; Olfactory Identity,,,,,,,,,,,,,,2026-01-29T15:49:56,no_contact
Mastrogiorgio Manifattura Ceramica S.R.L Unipersonale,mastrogiorgio-manifattura-ceramica-srl-unipersonale,https://ambiente.messefrankfurt.com/frankfurt/en/exhibitor-search/exhibitor-search-apps.detail.html/mastrogiorgio-manifattura-ceramica-srl-unipersonale.html,Italy,Perugia,Gualdo Tadino,06023,"Zona Industriale Nord, Snc",,,,,,,"For decades in Gualdo Tadino, Umbria, earth and fire have shaped a rare savoir-faire. Mastrogiorgio carries that intensity...",12.0,H12.0-B04,,,Table & Table Select,,,tableware; ceramics; home; kitchenware; decor,,,,,,,,,,,,,,2026-03-08T04:18:32,no_contact
Messe Frankfurt - Conzoom Circle,messe-frankfurt-exhibition-gmbh-test--sonderschauflaechen---ambiente-002,https://ambiente.messefrankfurt.com/frankfurt/en/exhibitor-search/exhibitor-search-apps.detail.html/messe-frankfurt-exhibition-gmbh-test--sonderschauflaechen---ambiente-002.html,Germany,DEU_06,Frankfurt am Main,60327,Ludwig-Erhard-Anlage 1,,+49 69 75753389,,tetiana.frank@messefrankfurt.com,,,Messe Frankfurt organizes around 30 trade fairs and events for the international consumer goods industry every year. With...,4.2,H4.2-FOY09,,,,,,Conzoom Circle; Ambiente Worldwide; Paperworld Worldwide; Beautyworld Worldwide; Trade Fairs,,,,,,,,,,,,,,2025-12-05T11:03:28,non_commercial
Minh Giang Craft 2 Tv Company Limited,minh-giang-craft-2-tv-company-limited,https://ambiente.messefrankfurt.com/frankfurt/en/exhibitor-search/exhibitor-search-apps.detail.html/minh-giang-craft-2-tv-company-limited.html,Vietnam,,Ha Noi,10000,15 Lane 25 Ngoc Thuy,,,,,,,Minh Giang Craft – Company Profile About Us Minh Giang Craft is a Vietnamese company specializing in the design and production...,10.1; 10.4,H10.1-E26; H10.4-D69,,,,,,,,,,,,,,,,,,,,2025-12-01T11:53:30,no_contact
MJ IMPEX,mj-impex,https://ambiente.messefrankfurt.com/frankfurt/en/exhibitor-search/exhibitor-search-apps.detail.html/mj-impex.html,India,,Moradabad,244001,"Pandit Nagla Bypass, Jigar Compound",,,,,,,,10.2,H10.2-D58,,,,,,,,,,,,,,,,,,,,2026-03-08T05:42:24,no_contact
Mobius GmbH,mobius-gmbh,https://ambiente.messefrankfurt.com/frankfurt/en/exhibitor-search/exhibitor-search-apps.detail.html/mobius-gmbh.html,Germany,DEU_02,Hamburg,22041,Wandsbeker Allee 77,,,,,,,,10.2,H10.2-B50,,,,,,,,,,,,,,,,,,,,2026-03-08T03:16:54,no_contact
Moonlight Exports,moonlight-exports,https://ambiente.messefrankfurt.com/frankfurt/en/exhibitor-search/exhibitor-search-apps.detail.html/moonlight-exports.html,India,,Sambhal,244302,"Village Ghunghawali, Behjoi Road, Hayat Nagar",,,,,,,"ABOUT US Moonlight Exports is a manufacturing and Export Company of all kind horn, bone and Crafts and our founder has a...",10.1,H10.1-E35,,,"Global Sourcing Living; Urban Gifts, Stationery & School",,,Horn; Bone; Home Décor; Furniture; Games,,,,,,,,,,,,,,2026-03-08T03:19:56,no_contact
MT Elektrogeräte GmbH,mt-elektrogeraete-gmbh,https://ambiente.messefrankfurt.com/frankfurt/en/exhibitor-search/exhibitor-search-apps.detail.html/mt-elektrogeraete-gmbh.html,Germany,DEU_16,Königsee,07426,Hainstr. 14,,,,,,,,8.0,H8.0-K85,,,,,,,,,,,,,,,,,,,,2025-11-21T08:09:55,no_contact
Multilogistique Services SAS,multilogistique-services-sas,https://ambiente.messefrankfurt.com/frankfurt/en/exhibitor-search/exhibitor-search-apps.detail.html/multilogistique-services-sas.html,France,,Sennecey le Grand,71240,Z.A. La Saule,,,,,,,,9.0,H9.0-E81,,,,,,,,,,,,,,,,,,,,2026-03-08T03:33:26,no_contact
NEXTIME (HONG KONG) LIMITED,nextime-hong-kong-limited,https://ambiente.messefrankfurt.com/frankfurt/en/exhibitor-search/exhibitor-search-apps.detail.html/nextime-hong-kong-limited.html,Hong Kong,,Kowloon,,"Unit 3, 7/f, Po Hong Center, 2 Wang Tung St., Kowloon Bay",,,,,,,NEXTIME BRINGS YOU GOOD TIMES NeXtime is a Dutch brand since 1970 designing and making clocks till today NeXtime’s mission...,3.1,H3.1-A30,,,Interior Design,,,Lifestyle Products; timepiece; home decor; gifts; Drinkwares,,,,,,,,,,,,,,2025-12-01T10:15:22,no_contact
Niebuhr & Aagaard ApS,niebuhr--aagaard-aps,https://ambiente.messefrankfurt.com/frankfurt/en/exhibitor-search/exhibitor-search-apps.detail.html/niebuhr--aagaard-aps.html,Denmark,,Haderslev,6100,Gravenshovedvej 21,,,,,,,,9.3,H9.3-E61,,,,,,,,,,,,,,,,,,,,2025-10-30T14:06:19,no_contact
"Ningbo Amity Import & Export Co., Ltd.",ningbo-amity-import--export-co-ltd,https://ambiente.messefrankfurt.com/frankfurt/en/exhibitor-search/exhibitor-search-apps.detail.html/ningbo-amity-import--export-co-ltd.html,China,Zhejiang,Ningbo Zhejiang,315000,"Rm 1101, Block A Hebang Plaza No. 933 Tiantong Road N","Rm 1101, Block A",,,,,,"Ningbo Amity was established in 2013 and is located in Yinzhou District, Ningbo. It is just a 20-minute drive from any hotel...",10.0,H10.0-E57E,,,Global Sourcing Stationery & School,,,Stationery; DIY; Craft; Licensed products; Marker,,,,,,,,,,,,,,2025-12-09T18:04:25,no_contact
"Ningbo Bohongchuangyi International Co., Ltd.",ningbo-bohongchuangyi-international-co--ltd,https://ambiente.messefrankfurt.com/frankfurt/en/exhibitor-search/exhibitor-search-apps.detail.html/ningbo-bohongchuangyi-international-co--ltd.html,China,Zhejiang,Ningbo Zhejiang,315201,"Floor 4th Building 1, No. 25 Yuxiu Road, Zhuangshi Street, Zhenhai District",,,,,,,"Ningbo Hongchuang (Ningbo BoHongchuangYi) is one leading manufacturer of photo frames, the Home Decor products(Our DUNS NO...",10.4,H10.4-F24E,,,Interior Design; Interiors & Decoration,,,PICTURE FRAME; WALL ART; SEASON ITEM; HOLIDAAY ITEM; PHOTO FRAME,,,,,,,,,,,,,,2025-12-10T12:06:04,no_contact
"Ningbo Botong Times Trading Co., Ltd.",ningbo-botong-times-trading-co-ltd,https://ambiente.messefrankfurt.com/frankfurt/en/exhibitor-search/exhibitor-search-apps.detail.html/ningbo-botong-times-trading-co-ltd.html,China,Zhejiang,Ningbo Zhejiang,315611,"1 Xingke E. Rd., Meiqiao Ind. Zone Qiaotouhu, Ninghai","1 Xingke E. Rd., Meiqiao Ind. Zone",,,,,,,10.2,H10.2-E02D,,,,,,,,,,,,,,,,,,,,2025-11-11T09:22:32,no_contact
"Ningbo Jaya Technology Co., Ltd.",ningbo-jaya-technology-coltd,https://ambiente.messefrankfurt.com/frankfurt/en/exhibitor-search/exhibitor-search-apps.detail.html/ningbo-jaya-technology-coltd.html,China,Zhejiang,Ningbo Zhejiang,315100,"No. 88, Qiushi North Road Jishigang Town Haishu District","No. 88, Qiushi North Road",,,,,,"Ningbo Topstar Technology Co.Ltd Is aProfessional Designer And Manufacturer ForAromatherapy Products, Which Is Both AnIndustry...",10.1,H10.1-F75B,,,Global Sourcing Giving,,,Home fragrance; Gift set; Scented perfume,,,,,,,,,,,,,,2025-12-12T07:28:58,no_contact
Northern Icons Creations Inc.,northern-icons-creations-inc,https://ambiente.messefrankfurt.com/frankfurt/en/exhibitor-search/exhibitor-search-apps.detail.html/northern-icons-creations-inc.html,Canada,CAN_BC,Vancouver,V6G2G3,2f 761 Cardero Street,2f,,,,,,,4.2,H4.2-L57,,,,,,,,,,,,,,,,,,,,2026-03-08T03:33:07,no_contact
Nuptse Craft,nuptse-craft,https://ambiente.messefrankfurt.com/frankfurt/en/exhibitor-search/exhibitor-search-apps.detail.html/nuptse-craft.html,Nepal,,Kathmandu,44600,"Kapan, Budhanilkantha-10",,,,,,,"Nuptse craft is a manufacturing and exporting social enterprise, situated in Kapan, Kathmandu. We manufacture and export...",10.1,H10.1-D12,,Ethical Style by Ambiente,,,,felt products; sustainable decor; children products; social impact; minimalistic,,,,,,,,,,,,,,2025-10-21T10:00:22,no_contact
Nyambose Group,nyambose-group-architects--construction,https://ambiente.messefrankfurt.com/frankfurt/en/exhibitor-search/exhibitor-search-apps.detail.html/nyambose-group-architects--construction.html,South Africa,,Pretoria,0083,495 Hilda Street Hatfield,,,,,,,German Design Award 2026 Winner - Excellent Product Design (Circular & Furniture). Experience the award-winning 'Ubuntu Curve...,3.1,H3.1-A35,,Contract Business; Hospitality Interiors,Interior Design; Table & Table Select,,,German Design Award Winner; Sustainable Design; Modular Furniture; Ubuntu Curve; Circular Design,,,,,,,,,,,,,company_pictures/10000001202601/501426/1764237773854_2469341917.jpg,2026-01-28T13:04:03,no_contact
Onni Enterprise LLP,onni-enterprise-llp,https://ambiente.messefrankfurt.com/frankfurt/en/exhibitor-search/exhibitor-search-apps.detail.html/onni-enterprise-llp.html,India,,Kolkata,700020,"4th Floor Crescent Towers 229, AJC Bose Road",4th Floor,,,,,,We are a leading Indian company specializing in the manufacturing of Sustainable jute and Cotton bags. Why Choose Us? Multiple...,10.1,H10.1-B76,,Ethical Style by Ambiente,Global Sourcing Dining; Global Sourcing Giving,,,Promotional Bags and Promotional Products; Jute Bags; Shopping Bags; Cotton Bags; Cooler Bags,,,,,,,,,,,,,,2026-01-29T18:18:28,no_contact
Onofrio Acone,onofrio-acone,https://ambiente.messefrankfurt.com/frankfurt/en/exhibitor-search/exhibitor-search-apps.detail.html/onofrio-acone.html,Italy,Salerno,Baronissi,84081,Via Domenico Cirillo 13,,,,,,,,3.1,H3.1-D44,,,,,,,,,,,,,,,,,,,,2025-09-18T11:31:05,no_contact
Outdoorchef AG,outdoorchef-ag,https://ambiente.messefrankfurt.com/frankfurt/en/exhibitor-search/exhibitor-search-apps.detail.html/outdoorchef-ag.html,Switzerland,,Zürich,8050,Eggbühlstrasse 28,,,,,,,OUTDOORCHEF is an internationally active Swiss company and is considered a pioneer in modern barbecue technology. With iconic...,8.0,H8.0-F89,,,Cook & Cut,,,Outdoorkitchen; Outdoorküchen; Modularer Grill; Modular BBQ; Swiss Innovation,,,,,,,,,,,,,company_pictures/10000001202601/459892/1762856843345_1588742173.png,2026-03-08T03:22:38,no_contact
Outin Inc.,outin-inc,https://ambiente.messefrankfurt.com/frankfurt/en/exhibitor-search/exhibitor-search-apps.detail.html/outin-inc.html,United States,Colorado,Denver Colorado,80202,1312 17th Street #874,,,,,,,,9.0,H9.0-A31,,,,,,,,,,,,,,,,,,,,2025-10-22T08:53:53,no_contact
Pakbara Industries,pakbara-industries,https://ambiente.messefrankfurt.com/frankfurt/en/exhibitor-search/exhibitor-search-apps.detail.html/pakbara-industries.html,India,,Moradabad,244001,"Anwar House, Opp. Indian Oil Petrol Pump Delhi Road, Pakbar",,,,,,,,10.2,H10.2-A50,,,,,,,,,,,,,,,,,,,,2025-12-01T11:29:37,no_contact
Pereja Ileri Kimya Sanayi A.S.,pereja-ileri-kimya-sanayi-as,https://ambiente.messefrankfurt.com/frankfurt/en/exhibitor-search/exhibitor-search-apps.detail.html/pereja-ileri-kimya-sanayi-as.html,Türkiye,,Istanbul,34235,"Oruc Reis Tekstilkent KOZA Plaza A Blok, 7th Floor 28","A Blok, 7th Floor",,,,,,"Pereja is more than 70 years of Cosmetic experience, We produce all our products at our new production premises under GMP...",3.0,H3.0-C80,,,,,,,,,,,,,,,,,,,,2025-10-27T13:49:56,no_contact
Philippine Department of Trade and Industry - Region V (Bicol Region),philippine-department-of-trade-and-industry---region-v-bicol-region,https://ambiente.messefrankfurt.com/frankfurt/en/exhibitor-search/exhibitor-search-apps.detail.html/philippine-department-of-trade-and-industry---region-v-bicol-region.html,Philippines,,Legazpi,,"Regional Center Site, Rawis",,,,,,,,10.4,H10.4-C51,,,,,,,,,,,,,,,,,,,,2025-12-05T07:50:18,no_contact
Provincial Government of Tarlac,provincial-government-of-tarlac,https://ambiente.messefrankfurt.com/frankfurt/en/exhibitor-search/exhibitor-search-apps.detail.html/provincial-government-of-tarlac.html,Philippines,,Tarlac City,2300,"Capitol Building, San Vicente",,+63 928 559 9738,,marvidc523@gmail.com,,,"The Tarlac Province Pavilion, supported by the Provincial Government of Tarlac is a collection of companies from said province...",10.1,H10.1-F30,,,"Global Sourcing Living; Urban Gifts, Stationery & School",,,Accessories; Philippines; Furniture; Home decor; Pottery,,,,,,,,,,,,,,2026-01-15T01:50:19,non_commercial
PT. Zhongsu Industri Plastic,pt-zhongsu-industri-plastic,https://ambiente.messefrankfurt.com/frankfurt/en/exhibitor-search/exhibitor-search-apps.detail.html/pt-zhongsu-industri-plastic.html,Indonesia,,"Banten, Tangerang Regency",15560,"Jl. Merdeka 1 70, Sukamantri Villagem, Pasar Kemis District",,,,,,,,10.1,H10.1-E33,,,,,,,,,,,,,,,,,,,,2025-12-04T11:27:41,no_contact
"Qingdao Lefu Housewares Co., Ltd.",qingdao-lefu--housewares-co-ltd,https://ambiente.messefrankfurt.com/frankfurt/en/exhibitor-search/exhibitor-search-apps.detail.html/qingdao-lefu--housewares-co-ltd.html,China,Shandong,Qingdao Shandong,266000,"Room 915, Poly Central, Mansion, No. 1068 Jinshui Road, Licang District",,,,,,,"We, QINGDAO LEFU HOUSEWARES CO., LTD. is one of China's leading professional glassware manufacturers. Being deeply involved...",10.2,H10.2-F19B,,,Table & Table Select,,,glass double wall cup; 3D glass mug; glass mug; wine glasses; glass water pitcher,,,,,,,,,,,,,,2025-12-11T07:28:25,no_contact
"Quanzhou Shinetie Arts Trading Co., Ltd.",quanzhou-shinetie-arts-trading-co-ltd,https://ambiente.messefrankfurt.com/frankfurt/en/exhibitor-search/exhibitor-search-apps.detail.html/quanzhou-shinetie-arts-trading-co-ltd.html,China,Fujian,Quanzhou Fujian,362700,"No. 39, Gongdingnan Shencheng Village, Jinshang Town Shishi","No. 39, Gongdingnan",,,,,,"Quanzhou Shinetie Arts Trading Co., Ltd. is a professional supplier of garden & interior decoration for everyday with a mix...",10.4,H10.4-E20A,,,Table & Table Select,,,home decor; Home accessories; resin statue; sculptures; wall decor,,,,,,,,,,,,,,2025-11-04T03:11:48,no_contact
RAKLE GLASS (Rapsodi Dekor San. A.S.),rapsodi-dekor-san-as,https://ambiente.messefrankfurt.com/frankfurt/en/exhibitor-search/exhibitor-search-apps.detail.html/rapsodi-dekor-san-as.html,Türkiye,,Arnavutkoy / Istanbul,34277,Yassioren Mah. Bayindir Cad. Akpinar Sanayi Sitesi No. 15/E,Akpinar Sanayi Sitesi No. 15/E,,,,,,Design & Decoration & Candle About Us RAKLE is a global glassware brand that turns glasswork into art with its refined interpretation...,12.0,H12.0-B68,,,Table & Table Select,,,GLASSWARE; TABLEWARE; CANDLES; TUMBLERS & STEM GLASSES; TURKEY,,,,,,,,,,,,,,2025-12-10T16:45:01,no_contact
Ravenn Promoliinks Private Limited,ravenn-promoliinks-private-limited,https://ambiente.messefrankfurt.com/frankfurt/en/exhibitor-search/exhibitor-search-apps.detail.html/ravenn-promoliinks-private-limited.html,India,,Gurugram,122001,"No. 799-800, Daultabad Industrial Area, behind Toyota Showroom",,,,,,,"RAVENN PROMOLIINKS PVT LTD is a part of SR GROUP having experience of 26 years in this trade and strength of skilled, experienced...",11.1,H11.1-B31,,,,,,Airtight Containers & Bowls / Leakproof Containers & Bowls; Lunch Box / Food Containers; Storage Boxes & Containers / Lock & Lock Containers; Microwavable Bowls & Containers / Mixing Bowls; Sippers / Mugs / Water Bottles,,,,,,,,,,,,,,2025-10-17T12:06:36,no_contact
Red Home Living Co. Ltd,red-home-living-co-ltd,https://ambiente.messefrankfurt.com/frankfurt/en/exhibitor-search/exhibitor-search-apps.detail.html/red-home-living-co-ltd.html,Thailand,,Bangkok,10110,"Soi Chareon Chai, Khlong Tan Nuea, Watthana 73/1",,,,,,,"About Us Red Home Living was founded in 1952 as Krishna's Asian Arts, a family-run business specializing in exporting decorative...",10.2,H10.2-B43,,,Global Sourcing Living; Interiors & Decoration,,,Marble; Home Accessories; Decor; Home Decor; Kitchenware,,,,,,,,,,,,,,2025-11-07T08:50:27,no_contact
Royal Artisans Inc,royal-artisans-inc,https://ambiente.messefrankfurt.com/frankfurt/en/exhibitor-search/exhibitor-search-apps.detail.html/royal-artisans-inc.html,India,,Sambhal,244303,"Near Faiz Girls College Mangal Pura, Sarai Tarin",,,,,,,"Royal Artisans Inc Manufacturer & Exporter of Resin, Horn, Bone & Wood Handicrafts Products. About Us Royal Artisans Inc...",10.4,H10.4-F28,,,Global Sourcing Living; Interiors & Decoration,,,Resin Cutlery; Home Decor; Horn Bone; Wood; Games,,,,,,,,,,,,,,2025-12-11T09:07:27,no_contact
"Ruzhou Qiangcheng Industry And Trade Co., Ltd.",ruzhou-qiangcheng-industry-and-trade-co-ltd,https://ambiente.messefrankfurt.com/frankfurt/en/exhibitor-search/exhibitor-search-apps.detail.html/ruzhou-qiangcheng-industry-and-trade-co-ltd.html,China,Henan,Pingdingshan Henan,467500,"Building 9, Block B Jixiu Garden, Runan Street Ruzhou City","Building 9, Block B",,,,,,,10.1,H10.1-F86B,,,,,,,,,,,,,,,,,,,,2025-10-28T07:14:29,no_contact
Ryda Knives AB,ryda-knives-ab,https://ambiente.messefrankfurt.com/frankfurt/en/exhibitor-search/exhibitor-search-apps.detail.html/ryda-knives-ab.html,Sweden,,Varberg,432 45,Kärrvägen 87L,,,,,,,,8.0,H8.0-K98,,,Cook & Cut,,,kitchen knives; Hand crafted; kitchen tools; Chef knife; kitchen,,,,,,,,,,,,,company_pictures/10000001202501/0052532890/1697691321446_3978756502.png,2026-03-08T03:25:52,no_contact
Saint Sunny Gift And Crafts Company Limited,saint-sunny-gift-and-crafts-company-limited,https://ambiente.messefrankfurt.com/frankfurt/en/exhibitor-search/exhibitor-search-apps.detail.html/saint-sunny-gift-and-crafts-company-limited.html,Vietnam,,Thuan An,,"215/15 An Phu 19 Street, Binh Phuoc B Quarter",,,,,,,,10.1,H10.1-F16,,,,,,,,,,,,,,,,,,,,2025-12-11T10:00:51,no_contact
Sakai City Industrial Promotion Center,sakai-city-industrial-promotion-center,https://ambiente.messefrankfurt.com/frankfurt/en/exhibitor-search/exhibitor-search-apps.detail.html/sakai-city-industrial-promotion-center.html,Japan,Osaka,Sakai Osaka,591-8025,Nagasone-cho 183-5 Kita-ku,Kita-ku,,,,,,"Sakai knives are so popular among professionals that it’s said almost all 'washoku' Japanese cuisine chefs, such as Sushi...",8.0,H8.0-C88,,,Cook & Cut,,,Japan; knives; hand-made; Sakai; Japanese,,,,,,,,,,,,,,2025-12-15T17:01:12,no_contact
Sana Products s.r.o.,sana-products-sro,https://ambiente.messefrankfurt.com/frankfurt/en/exhibitor-search/exhibitor-search-apps.detail.html/sana-products-sro.html,Czech Republic,,Ceské Budejovice 2,37005,Na Zlaté stoce 1886/5A,,,,,,,"At Sana, we specialize in innovative kitchen appliances for healthy living. We come from Europe and focus on products for...",8.0,H8.0-B42,,,Cook & Cut,,,Sana; Juicer; Grain mill; Bread maker; Oil extractor,,,,,,,,,,,,,,2025-12-11T10:11:37,no_contact
Sculture Driss,sculture-driss,https://ambiente.messefrankfurt.com/frankfurt/en/exhibitor-search/exhibitor-search-apps.detail.html/sculture-driss.html,Tunisia,,Sakiet Ezzit,3091,Route Tunis 12 Km Sidi Saleh,,,,,,,,9.0,H9.0-E74,,,Cook & Cut,,,,,,,,,,,,,,,,,2025-10-28T14:12:00,no_contact
"Shanghai Foreign Trade Enterprises Pudong Co., Ltd.",shanghai-foreign-trade-enterprises-pudong-co-ltd,https://ambiente.messefrankfurt.com/frankfurt/en/exhibitor-search/exhibitor-search-apps.detail.html/shanghai-foreign-trade-enterprises-pudong-co-ltd.html,China,,Shanghai,201100,"Unit J, 4th Floor, No. 1068 Wuzhong Road",,,,,,,"Established on 2013, invested a premier manufacture of plastic home-ware, kitchen-ware in China. We have professional injection...",11.1,H11.1-G31A,,,Clean Home & Storage Solutions; Table & Table Select,,,Fridge storage; storage turntable; beauty storage; silicone bar mat; silicone kitchenware,,,,,,,,,,,,,,2025-12-15T10:50:19,no_contact
"Shanghai Green Willow Textile Technology Co., Ltd.",shanghai-green-willow-textile-technology-co-ltd,https://ambiente.messefrankfurt.com/frankfurt/en/exhibitor-search/exhibitor-search-apps.detail.html/shanghai-green-willow-textile-technology-co-ltd.html,China,,Shanghai,201802,"Rm 1020, No. 399 Zhongren Road Jiading District","Rm 1020, No. 399 Zhongren Road",,,,,,,10.4,H10.4-F13D,,,,,,,,,,,,,,,,,,,,2025-10-24T09:00:07,no_contact
"Shanghai Nappo Zhilian Stationery Co., Ltd.",shanghai-nappo-zhilian-stationery-co-ltd,https://ambiente.messefrankfurt.com/frankfurt/en/exhibitor-search/exhibitor-search-apps.detail.html/shanghai-nappo-zhilian-stationery-co-ltd.html,China,,Shanghai,201811,"J Building 1, No. 6899 Liuxiang Road Huangting Town, Jiading District","J Building 1, No. 6899 Liuxiang Road",,,,,,"Shanghai Nappo Zhilian Stationery Co.,Ltd founded in 2003,it is a national high-tech enterprise and a renowned brand in Shanghai...",10.0,H10.0-D75B,,,"Urban Gifts, Stationery & School",,,Gift pen set; Geschenkstift; Gift pen set; Stift set; Metallstift,,,,,,,,,,,,,,2025-11-27T03:26:29,no_contact
"Shanning View, Lda",shanning-view-lda,https://ambiente.messefrankfurt.com/frankfurt/en/exhibitor-search/exhibitor-search-apps.detail.html/shanning-view-lda.html,Portugal,,Oliveira Bcl,4750-587,Rua De Azevedinho 180,,,,,,,,12.0,H12.0-B18,,,,,,,,,,,,,,,,,,,,2025-11-21T12:23:50,no_contact
Sheaffer (Ray & Bluestone LLP),ray--bluestone-llp,https://ambiente.messefrankfurt.com/frankfurt/en/exhibitor-search/exhibitor-search-apps.detail.html/ray--bluestone-llp.html,India,IND_10,Bengaluru,560095,No. 15 Ground Floor 17th A Main 5th Block Koramangala,,,,,,,"Since its founding in 1913, Sheaffer has stood at the forefront of fine writing instruments, distinguished by its groundbreaking...",4.2,H4.2-D28,,,"Global Sourcing Stationery & School; Urban Gifts, Stationery & School",,,Fountain Pen; Ball Pen; Rollerball Pen; Stationery; Pens for Gifting,,,,,,,,,,,,,company_pictures/10000001202501/390069/1728989912091_272224971.jpg,2025-12-01T14:38:52,no_contact
"Shenzhen PMP Manufacturing Co., Ltd.",shenzhen-pmp-manufacturing-co-ltd,https://ambiente.messefrankfurt.com/frankfurt/en/exhibitor-search/exhibitor-search-apps.detail.html/shenzhen-pmp-manufacturing-co-ltd.html,Hong Kong,,Kowloon,,"Unit 1204, 12/F, 72-80 Lladro Ctr. Hoi Yuen Road Kwun Tong","Unit 1204, 12/F, 72-80 Lladro Ctr.",,,,,,"Our factory is located in Quan Zhou, Fujian, China. We specialize in manufacturing various kinds of plastic toys and promotional...",10.1,H10.1-E48A,,,"Table & Table Select; Urban Gifts, Stationery & School",,,Rubber Duck; OEM; Collectible; Gift Premium; Candy Container,,,,,,,,,,,,,,2026-01-28T03:24:29,no_contact
Sridhar Exports,sridhar-exports,https://ambiente.messefrankfurt.com/frankfurt/en/exhibitor-search/exhibitor-search-apps.detail.html/sridhar-exports.html,India,,Delhi,110063,"A-13 Second Floor, Meera Bagh Paschim Vihar",,,,,,,"Sridhar Exports is a Manufacturer and Exporter of Stainless steel Kitchenware, Barware and Petware items in India. The company...",11.1,H11.1-E02,,,,,,"Stainless Steel Kitchenware; Stainless Steel Barware; Stainless Steel Petware; Stainless Steel Hotelware; Stainless Steel colanders, bowls, wine buckets, ice buckets",,,,,,,,,,,,,,2025-11-12T15:57:08,no_contact
Ste Industrielle Marocaine Dentreprise Chimiques,ste-industrielle-marocaine-dentreprise-chimiques,https://ambiente.messefrankfurt.com/frankfurt/en/exhibitor-search/exhibitor-search-apps.detail.html/ste-industrielle-marocaine-dentreprise-chimiques.html,Morocco,,Casablanca,20300,265 Boulevard Moulay Ismail,,,,,,,"SIMEC: Leadership and Innovation in the Production of Household Articles For over six decades, SIMEC has positioned itself...",9.2,H9.2-F49,,,,,,Plastic manufacturer; Food Storage; Outdoor furniture; Storage boxes; Cleaning items,,,,,,,,,,,,,,2025-10-23T14:33:30,no_contact
Studio MV and Builders Inc.,studio-mv-and-builders-inc,https://ambiente.messefrankfurt.com/frankfurt/en/exhibitor-search/exhibitor-search-apps.detail.html/studio-mv-and-builders-inc.html,Philippines,,Taguig,,"Mckinley West, BGC One Le Grand Tower","Mckinley West, BGC",,,,,,,10.4,H10.4-B42,,,,,,,,,,,,,,,,,,,,2025-11-19T08:37:04,no_contact
SUFFAH INDUSTRIES,suffah-industries,https://ambiente.messefrankfurt.com/frankfurt/en/exhibitor-search/exhibitor-search-apps.detail.html/suffah-industries.html,Pakistan,,Korangi,,Plot A410 Sector-6-F Mehran Town Industrial Area,,,,,,,,11.1,H11.1-F48A,,,,,,,,,,,,,,,,,,,,2025-11-10T15:31:29,no_contact
Sun Caddy Corporation,sun-caddy-corporation,https://ambiente.messefrankfurt.com/frankfurt/en/exhibitor-search/exhibitor-search-apps.detail.html/sun-caddy-corporation.html,Taiwan,,Taipei City,11490,"3f-3, No. 109, Sec. 6, Min Chuan East Rd. Neihu District",,,,,,,,10.2,H10.2-D19B,,,Modern Kitchen & Baking; Table & Table Select,,,,,,,,,,,,,,,,,2025-11-24T09:10:12,no_contact
Suramerican International Import and And Export S.A.,suramerican-international-import-and-and-export-sa,https://ambiente.messefrankfurt.com/frankfurt/en/exhibitor-search/exhibitor-search-apps.detail.html/suramerican-international-import-and-and-export-sa.html,Panama,,Panama,,"PH Boulevard El Dorado, Apartment 3",,,,,,,,12.1,H12.1-E02,,,,,,,,,,,,,,,,,,,,2025-12-12T09:47:26,no_contact
Tarash Designs Private Limited,tarash-designs-private-limited,https://ambiente.messefrankfurt.com/frankfurt/en/exhibitor-search/exhibitor-search-apps.detail.html/tarash-designs-private-limited.html,India,,Greater Noida,201308,"E-066, EPIP, Upsidc Site-5 Kasna",,,,,,,"At Tarash Designs Pvt. Ltd., we bring creativity, craftsmanship, and contemporary style together to create products that...",10.4,H10.4-D08,,,Global Sourcing Living,,,Lamps; Table Lamps; Floor Lamp; Lantern; Candle Stand,,,,,,,,,,,,,,2025-11-24T06:15:38,no_contact
Teakhaus LLC,teakhaus-llc,https://ambiente.messefrankfurt.com/frankfurt/en/exhibitor-search/exhibitor-search-apps.detail.html/teakhaus-llc.html,United States,New York,"Garden City, NY New York",11530,"734 Franklin Avenue, Suite 460",,,,,,,We have transformed one of the most beautiful woods on Earth (teak) into cutting & serving boards that go beyond function...,9.0,H9.0-A02,,Ethical Style by Ambiente,Modern Kitchen & Baking,,,cutting boards; serving boards; sustainable; kitchen tools; FSC materials,,,,,,,,,,,,,company_pictures/10000001202501/383090/1730449936636_3124773082.png,2026-03-08T05:29:46,no_contact
The Oldman Arts International,the-oldman-arts-international,https://ambiente.messefrankfurt.com/frankfurt/en/exhibitor-search/exhibitor-search-apps.detail.html/the-oldman-arts-international.html,India,,Delhi,110016,Flats Katwaria Sarai C-4 Qutub Enclave Phase-1 Dda,Flats Katwaria Sarai,,,,,,,10.3,H10.3-C65,,,,,,,,,,,,,,,,,,,,2026-03-08T03:39:39,no_contact
"Torrentrise (Fujian) Industries Co., Ltd.",torrentrise-fujian-industries-co-ltd,https://ambiente.messefrankfurt.com/frankfurt/en/exhibitor-search/exhibitor-search-apps.detail.html/torrentrise-fujian-industries-co-ltd.html,China,Fujian,Minhou Fujian,350108,"Unit 01, Building 20, Zone A, Junheyungu Southeast Science and Technology, Shangjie Town","Unit 01, Building 20, Zone A, Junheyungu Southeast",,,,,,"Torrentrise (Fujian) Industries Co., Ltd. was established in 2023 and is based in Fuzhou City. We are a manufacturer specializing...",10.2,H10.2-F19A,,,Modern Kitchen & Baking,,,Cuttingboard; Acacia; Bamboo; Kitchen; Serving Tray,,,,,,,,,,,,,,2025-12-12T12:24:15,no_contact
"Tsuen Jer Enterprise Co., Ltd.",tsuen-jer-enterprise-co-ltd,https://ambiente.messefrankfurt.com/frankfurt/en/exhibitor-search/exhibitor-search-apps.detail.html/tsuen-jer-enterprise-co-ltd.html,Taiwan,,Taipei,,"1F, No. 17 Aly. 22, Ln. 89, Shih-Tung Rd. Shih Lin Dist.","1F, No. 17",,,,,,"ABOUT TSUEN JER Founded in 1989, Tsuen Jer has emerged as a leading OEM/ODM manufacturer of home furnishing goods, specializing...",10.4,H10.4-C16,,,Interior Design; Interiors & Decoration,,,clock; Uhren; Timepiece Factory; Wanduhren; outdoor Clocks,,,,,,,,,,,,,,2025-10-20T05:04:07,no_contact
"Twinsel (vn) Technology Co., Ltd.",twinsel-vn-technology-co-ltd,https://ambiente.messefrankfurt.com/frankfurt/en/exhibitor-search/exhibitor-search-apps.detail.html/twinsel-vn-technology-co-ltd.html,Vietnam,,Tinhphu Tho,,"L' Só Cn07, Khu Cóng Nghiép Cám Khé",,,,,,,,11.1,H11.1-C45,,,,,,,,,,,,,,,,,,,,2026-03-08T05:05:03,no_contact
Viet Hung Packaging Company Limited,viet-hung-packaging-company-limited,https://ambiente.messefrankfurt.com/frankfurt/en/exhibitor-search/exhibitor-search-apps.detail.html/viet-hung-packaging-company-limited.html,Vietnam,,Hung Yen,16000,"Nhu Quynh Town Km 17, National Highway 5, Van Lam District",Nhu Quynh Town,,,,,,,10.0,H10.0-D80,,,,,,,,,,,,,,,,,,,,2025-10-23T12:09:13,no_contact
"Vietnam Cullinan Electric Co., Ltd.",vietnam-cullinan-electric-co-ltd,https://ambiente.messefrankfurt.com/frankfurt/en/exhibitor-search/exhibitor-search-apps.detail.html/vietnam-cullinan-electric-co-ltd.html,Vietnam,,Ho Chi Minh,70500,"Fl. 1, Funeral 1 99 Duong Dong Hoa Phuong 4, Tan Binh District","Fl. 1, Funeral 1",,,,,,,10.1,H10.1-F65,,,,,,,,,,,,,,,,,,,,2025-09-19T09:37:27,no_contact
Whitford S.r.l.,whitford-srl,https://ambiente.messefrankfurt.com/frankfurt/en/exhibitor-search/exhibitor-search-apps.detail.html/whitford-srl.html,Italy,,Brescia,25131,Via Verziano 109/127,,,,,,,"PPG offers a complete line of non-stick and decorative coatings for housewares, designed to protect and extend the life of...",8.0,H8.0-C80,,,Cook & Cut; Modern Kitchen & Baking,,,nonstick; Fusion; cookware; whitford; bakeware,,,,,,,,,,,,,company_pictures/10000001202501/0012154327/1701263675277_3490219374.png,2025-09-18T10:13:47,no_contact
Wilfa Germany GmbH,wilfa-germany-gmbh,https://ambiente.messefrankfurt.com/frankfurt/en/exhibitor-search/exhibitor-search-apps.detail.html/wilfa-germany-gmbh.html,Germany,,Oberursel,61440,Feldbergstrasse 27-29,,,,,,,Wilfa – thoughtfully designed for everyday life Wilfa is a Norwegian brand rooted in the Scandinavian way of living. For...,8.0,H8.0-G41,,,Modern Kitchen & Baking,,,,,,,,,,,,,,,,,2025-12-19T14:23:33,no_contact
Worldplastic Srl,worldplastic-srl,https://ambiente.messefrankfurt.com/frankfurt/en/exhibitor-search/exhibitor-search-apps.detail.html/worldplastic-srl.html,Italy,Napoli,Poggiomarino,80040,Via Nappi 49,,,,,,,"The ""Cassese Home"" brand has its roots in World Plastic Srl, a company with a thirty-year family tradition. Quality, innovation...",9.1,H9.1-F43,,,,,,PVC tablecloths; Kitchen accessories; In and outdoor cushions; Kitchen mat; PVC tablecloths in rolls,,,,,,,,,,,,,,2026-03-08T04:42:46,no_contact
"Xiangsen Export Trading Co., Ltd.",xiangsen-export-trading-co-ltd,https://ambiente.messefrankfurt.com/frankfurt/en/exhibitor-search/exhibitor-search-apps.detail.html/xiangsen-export-trading-co-ltd.html,Thailand,,Bangkok,10310,"10 Pracharat Bamphen 7, Huai Khwang District, Huai Khwang Subdistrict",,,,,,,"Our main products are enameled glass tea wares, glass cups, glass mugs, glass tea ware, glass coffee ware, carafes, glass...",10.1,H10.1-D49,,,Table & Table Select,,,Glass Cup; Glass storage jar; Glass Coffee and Tea pot; Glass Wine Decanter; Glass pitcher and Jug,,,,,,,,,,,,,,2025-12-15T14:14:02,no_contact
"Xianju Yuxi Crafts Co., Ltd",xianju-yuxi-crafts-co-ltd,https://ambiente.messefrankfurt.com/frankfurt/en/exhibitor-search/exhibitor-search-apps.detail.html/xianju-yuxi-crafts-co-ltd.html,China,Zhejiang,Taizhou Zhejiang,317300,Dongbeixi Industrial Park Guanlu Town Xianju County,Dongbeixi Industrial Park,,,,,,"Xianju Yuxi Craft, established in 2009. We are located in Zhejiang China. Our company have about 16 years working experiences...",10.4,H10.4-F13A,,,Clean Home & Storage Solutions; Global Sourcing Giving,,,photo frame; floating shelf; side table; storage shelf; standing shelf,,,,,,,,,,,,,,2025-11-12T05:26:36,no_contact
"Yancheng Hongfang Toys Co., Ltd. Yuxiang Processing Point",yancheng-hongfang-toys-co-ltd-yuxiang-processing-point,https://ambiente.messefrankfurt.com/frankfurt/en/exhibitor-search/exhibitor-search-apps.detail.html/yancheng-hongfang-toys-co-ltd-yuxiang-processing-point.html,China,Jiangsu,Yancheng Jiangsu,224000,"No. 30, Xiao Xinhe Road East Tinghu Street Tinghu District","No. 30, Xiao Xinhe Road",,,,,,"Yancheng HongFang Toys Co., Ltd. is located in the South Economic Development Zone, Tinghu District, Yancheng City.It is...",10.1,H10.1-F70B,,,Global Sourcing Giving,,,PLUSH TOYS; SOUVENIRS; GIFTS,,,,,,,,,,,,,,2025-11-27T03:35:45,no_contact
"Yangjiang Yang Dong Yeong Zhao Cutlery Hardware And Plastic Products Co., Ltd.",yangjiang-yang-dong-yeong-zhao-cutlery-hardware-and-plastic-products-co-ltd,https://ambiente.messefrankfurt.com/frankfurt/en/exhibitor-search/exhibitor-search-apps.detail.html/yangjiang-yang-dong-yeong-zhao-cutlery-hardware-and-plastic-products-co-ltd.html,China,Guangdong,Yangjiang City Guangdong,529932,Dashishan Industrial Garden Beiguan Town Yangdong District,Dashishan Industrial Garden,,,,,,"Yangdong Yongzhao Cutlery, Hardware & Plastic Products Co., Ltd. was founded in 1983. As a manufacturer of cutlery and flatware...",11.1,H11.1-F71C,,,Cook & Cut,,,Kitchen Knife Cutlery; Flatware Set; Kitchen Utensil; Kitchenware; Pasta/Wedding Server Set,,,,,,,,,,,,,,2025-11-04T08:43:32,no_contact
"Yangzhou Maitian Stationery Co., Ltd.",yangzhou-maitian-stationery-coltd,https://ambiente.messefrankfurt.com/frankfurt/en/exhibitor-search/exhibitor-search-apps.detail.html/yangzhou-maitian-stationery-coltd.html,China,Jiangsu,Yangzhou Jiangsu,225000,"Building 8-2 Zhongnangao Ke, Shiqiao Town Hanjiang District",Building 8-2,,,,,,"Company ProfileYangzhou Maitian Cultural Stationery Co., Ltd. is located in Shiqiao Town in the southern suburbs of Yangzhou...",10.0,H10.0-E57M,,,Global Sourcing Stationery & School,,,Paintbrushes; Artist brushes; Drawing brushes; Watercolor brushes; Acrylic brushes,,,,,,,,,,,,,,2025-12-01T07:43:52,no_contact
"Yiwu Myer Art & Craft Co., Ltd.",yiwu-myer-art--craft-co-ltd,https://ambiente.messefrankfurt.com/frankfurt/en/exhibitor-search/exhibitor-search-apps.detail.html/yiwu-myer-art--craft-co-ltd.html,China,Zhejiang,Yiwu Zhejiang,200000,"1 Floor, No. 20 Baoshang Road, Niansanli Street",,,,,,,,10.0,H10.0-E57J,,,,,,,,,,,,,,,,,,,,2025-11-10T14:34:13,no_contact
"Yixing Hua Feng Ceramics Co., Ltd.",yixing-hua-feng-ceramics-co-ltd,https://ambiente.messefrankfurt.com/frankfurt/en/exhibitor-search/exhibitor-search-apps.detail.html/yixing-hua-feng-ceramics-co-ltd.html,China,Jiangsu,Wuxi Jiangsu,214222,"436 Chuan Bu Village, Ding Shu Town Yixing City","436 Chuan Bu Village, Ding Shu Town",,,,,,"Yixing Huafeng Ceramics Co.,LTD is established in 1996, boasts an annual production capacity of over 10 million pieces. With...",10.2,H10.2-F20C,,,Table & Table Select,,,Ceramics; Tableware; Mugs,,,,,,,,,,,,,,2025-12-03T04:22:07,no_contact
Zarate Home Furniture Manufacturing,zarate-home-furniture-manufacturing,https://ambiente.messefrankfurt.com/frankfurt/en/exhibitor-search/exhibitor-search-apps.detail.html/zarate-home-furniture-manufacturing.html,Philippines,,Bulacan,3005,"Patubig Sto. Cristo Apt. B, P. Ochoa St.",Patubig Sto. Cristo,,,,,,,10.4,H10.4-B42,,,,,,,,,,,,,,,,,,,,2025-11-19T08:37:40,no_contact
"ZASA Co., Ltd.",zasa-co-ltd,https://ambiente.messefrankfurt.com/frankfurt/en/exhibitor-search/exhibitor-search-apps.detail.html/zasa-co-ltd.html,Japan,,Tokio,171-0022,,,,,,,,"Since its founding, ZASA Co., Ltd. has pursued the philosophy of “Better Products, Faster,”expanding its manufacturing across...",9.1,H9.1-G38,,,Modern Kitchen & Baking; Table & Table Select,,,Plastic and silicone products; Kitchen goods; Sanitary products; Promotional items/Private brand goods production,,,,,,,,,,,,,,2025-12-15T14:46:50,no_contact
"Zhejiang Bangda Antai Industry Co., Ltd.",zhejiang-bangda-antai-industry-co-ltd,https://ambiente.messefrankfurt.com/frankfurt/en/exhibitor-search/exhibitor-search-apps.detail.html/zhejiang-bangda-antai-industry-co-ltd.html,China,Zhejiang,Jinhua Zhejiang,321300,"No. 18, Beihu Rd Economic Development Zone","No. 18, Beihu Rd",,,,,,Founded in 1997 and headquartered in Yongkang—known as China's “Hardware Capital”—Zhejiang Bangda has grown over more than...,11.1,H11.1-G30A,,,Modern Kitchen & Baking,,,double wall stainless steel water bottle; vacuum flasks; thermos flask; insulated tumbler; insulated lunch box,,,,,,,,,,,,,,2025-11-27T04:08:26,no_contact
"Zhejiang Seliya Plastic Co., Ltd.",zhejiang-seliya-plastic-co-ltd,https://ambiente.messefrankfurt.com/frankfurt/en/exhibitor-search/exhibitor-search-apps.detail.html/zhejiang-seliya-plastic-co-ltd.html,China,Zhejiang,Taizhou Zhejiang,318020,"No. 9 Chengtong Road, Huangyan District",,,,,,,"Zhejiang Seliya Plastic Co., Ltd. specializes in the production of plastic water bottles, including Tritan bottles, backed...",10.2,H10.2-E16B,,,Clean Home & Storage Solutions; Modern Kitchen & Baking,,,Plastic Water Bottles; Tritan Bottles; Drinking bottles; Water Bottles; BPA FREE,,,,,,,,,,,,,,2025-12-11T12:32:38,no_contact
"Zibo Yadong Import And Export Trade Co., Ltd.",zibo-yadong-import-and-export-trade-co-ltd,https://ambiente.messefrankfurt.com/frankfurt/en/exhibitor-search/exhibitor-search-apps.detail.html/zibo-yadong-import-and-export-trade-co-ltd.html,China,Shandong,Zibo Shandong,255000,"Room 2014, Intercontinental Center Building C, 240 Liu Quan Rd, Keyuan Subdistrict of Zhangdian District","Room 2014, Intercontinental",,,,,,"Since1980s,wearecommittedtocatchtheenjoymentofglassduringourcommonlifeinMinnesotaandSanDiego.Since1990s,ourteamof28yearsarefocusonthedesignandpro...",10.2,H10.2-F29C,,,Table & Table Select,,,glass vase; glassware on the table; glass containers; glass candlesticks; glass decoratives and ornament,,,,,,,,,,,,,,2025-11-26T08:30:50,no_contact
