linkedinIdentifier,firstName,lastName,linkedinUrl,headline,summary,location,currentCompany,profilePictureUrl,about,avatar,certifications,certifications_1_credential_url,certifications_1_meta,certifications_1_subtitle,certifications_1_title,certifications_2_credential_url,certifications_2_meta,certifications_2_subtitle,certifications_2_title,certifications_3_meta,certifications_3_subtitle,certifications_3_title,certifications_4_meta,certifications_4_subtitle,certifications_4_title,certifications_5_subtitle,certifications_5_title,city,connections,connectionsCount,country,countryCode,currentCompanyId,currentCompanyLink,currentCompanyLocation,currentPositionDescription,currentPositionIndustry,currentPositionStartMonth,currentPositionStartYear,currentPosition_1_company,currentPosition_1_companyId,currentPosition_1_description,currentPosition_1_industry,currentPosition_1_location,currentPosition_1_role,currentPosition_1_startMonth,currentPosition_1_startYear,currentPosition_1_tenureAtCompanyMonths,currentPosition_1_tenureAtCompanyYears,currentPosition_1_tenureAtRoleMonths,currentPosition_1_tenureAtRoleYears,currentPosition_2_company,currentPosition_2_companyId,currentPosition_2_industry,currentPosition_2_location,currentPosition_2_role,currentPosition_2_startMonth,currentPosition_2_startYear,currentPosition_2_tenureAtCompanyMonths,currentPosition_2_tenureAtCompanyYears,currentPosition_2_tenureAtRoleMonths,currentPosition_2_tenureAtRoleYears,dataRichnessScore,education,education_1_end_year,education_1_start_year,education_1_title,education_1_url,education_2_end_year,education_2_start_year,education_3_end_year,education_3_start_year,education_4_end_year,education_4_start_year,education_5_end_year,education_5_start_year,followerCount,followers,fullName,isPremium,jobPosition,languages,languages_1_subtitle,languages_1_title,languages_2_subtitle,languages_2_title,languages_3_subtitle,languages_3_title,languages_4_subtitle,languages_4_title,languages_5_subtitle,languages_5_title,linkedinId,memberId,memberUrn,networkDistance,pendingInvitation,profilePictureUrlLarge,recentlyHired,sharedConnectionsCount,tenureAtCompanyMonths,tenureAtCompanyYears,tenureAtRoleMonths,tenureAtRoleYears
enric-pujols-672502138,Enric,Pujols,https://www.linkedin.com/in/enric-pujols-672502138,Departament de Compres a Bon Preu,"Soc graduat en Economia per la Universitat Pompeu Fabra. Actualment, treballador de la cadena de supermecats regional Bon Preu com a Comprador Júnior de categories d'alimentació seca després d'un any de formació transversal a l'empresa com a integrant del programa ""BP Talent 4.0"".","Avià, Catalonia, Spain",Bon Preu S.A.U.,https://media.licdn.com/dms/image/v2/D4D03AQGzI_r_IytONg/profile-displayphoto-shrink_100_100/B4DZOhP1hOG0AY-/0/1733577104410?e=1780531200&v=beta&t=bk4pQcELGWmpS5QeehAVtX9McHAN3iLj_wXqYPJ5htQ,"Soc graduat en Economia per la Universitat Pompeu Fabra. Actualment, treballador de la cadena de supermecats regional Bon Preu com a Comprador Júnior de categories d'alimentació seca després d'un any de formació transversal a l'empresa com a integrant del programa ""BP Talent 4.0"".",https://media.licdn.com/dms/image/v2/D4D03AQGzI_r_IytONg/profile-displayphoto-shrink_100_100/B4DZOhP1hOG0AY-/0/1733577104410?e=1780531200&v=beta&t=bk4pQcELGWmpS5QeehAVtX9McHAN3iLj_wXqYPJ5htQ,"C1 English (Cambridge University Press & Assessment), C2 Català (Generalitat de Catalunya), Monitor d'Handbol (Nivell 1) (Real Federación Española de Balonmano)",,Issued Jul 2024,Cambridge University Press & Assessment,C1 English,,Issued May 2019,Generalitat de Catalunya,C2 Català,,Real Federación Española de Balonmano,Monitor d'Handbol (Nivell 1),,,,,,Avià,500,500,Spain,ES,7169740,https://es.linkedin.com/company/bon-preu-sau?trk=public_profile_topcard-current-company,"Santa Cecília de Voltregà, Catalonia, Spain","Gestió de categories d'Alimentació Seca: - Gestió de proveïdors - Gestió de Marca Pròpia - Anàlisi de Mercat - Anàlisi de dades (vendes, tendències, previsions...) ",Food & Beverages,4,2025,Bon Preu S.A.U.,7169740,"Gestió de categories d'Alimentació Seca: - Gestió de proveïdors - Gestió de Marca Pròpia - Anàlisi de Mercat - Anàlisi de dades (vendes, tendències, previsions...) ",Food & Beverages,"Santa Cecília de Voltregà, Catalonia, Spain",Comprador Júnior,4,2025,9,2,2,1,,,,,,,,,,,,120,"Universitat Pompeu Fabra, ",2023-06,2019-09,Universitat Pompeu Fabra,https://es.linkedin.com/school/universitat-pompeu-fabra/,2022-12,2022-08,,,,,,,618,618,Enric Pujols,false,Comprador Júnior,"Català (Native or bilingual proficiency), Castellà (Native or bilingual proficiency), Anglès (Professional working proficiency)",Native or bilingual proficiency,Català,Native or bilingual proficiency,Castellà,Professional working proficiency,Anglès,,,,,enric-pujols-672502138,ACwAACGIzTYBaGRF7yf-iOcbFKMxnQkgzMUSmZU,urn:li:member:562613558,DISTANCE_2,true,https://media.licdn.com/dms/image/v2/D4D03AQGzI_r_IytONg/profile-displayphoto-shrink_800_800/B4DZOhP1hOG0Ag-/0/1733577104486?e=1780531200&v=beta&t=LJ1CdTf7F1xVXAGpFfEj9QyoQLlZeRPR9oocNLpqQ44,,1,9,2,2,1
jimenezcampon,Iván,Jiménez,https://www.linkedin.com/in/jimenezcampon,Purchasing Director | Procurement Director | Senior Purchasing Manager | Senior Procurement Manager | Retail | Distribution | Fast Moving Consumer Goods | FMCG | Supply Chain,"Purchasing Director with extensive experience in the retail sector, deeply passionate about efficient management, continuous improvement in procurement processes, and complex negotiations. Committed to strong values and a long-term business vision. Proven track record in managing key suppliers and building lasting relationships. Creative and dynamic, with a knack for developing and executing robust business plans focused on growth, profitability, and sustainability. Highly knowledgeable in modern distribution channels, always placing the customer at the center in a constantly evolving global landscape. Experienced in leading multidisciplinary teams and dedicated to maintaining high levels of motivation and performance. Throughout my career, I have had the opportunity to work across multiple categories, from chocolate, beverages (soft drinks, beer, water, spirits), and pet food to OTC products, always driven by a passion for quality, innovation, and strategic sourcing. Among them, the world of wine holds a special place for its heritage, craftsmanship, and tradition. This passion led me to pursue a certification from Outlook Wine, Spain’s most prestigious wine institution, deepening my knowledge of this fascinating industry.","Barcelona, Catalonia, Spain",Casa Santiveri,https://media.licdn.com/dms/image/v2/D4D03AQEm0NokjYU-5A/profile-displayphoto-shrink_800_800/B4DZWQxg.iHIAc-/0/1741890654721?e=1780531200&v=beta&t=HVeuxp9ES--ZtjLZ0Y7mfTXZ5PzjBKnXCyzu-33X-V4,"Purchasing Director with extensive experience in the retail sector, deeply passionate about efficient management, continuous improvement in procurement processes, and complex negotiations. Committed to strong values and a long-term business vision. Proven track record in managing key suppliers and building lasting relationships. Creative and dynamic, with a knack for developing and executing robust business plans focused on growth, profitability, and sustainability. Highly knowledgeable in modern distribution channels, always placing the customer at the center in a constantly evolving global landscape. Experienced in leading multidisciplinary teams and dedicated to maintaining high levels of motivation and performance. Throughout my career, I have had the opportunity to work across multiple categories, from chocolate, beverages (soft drinks, beer, water, spirits), and pet food to OTC products, always driven by a passion for quality, innovation, and strategic sourcing. Among them, the world of wine holds a special place for its heritage, craftsmanship, and tradition. This passion led me to pursue a certification from Outlook Wine, Spain’s most prestigious wine institution, deepening my knowledge of this fascinating industry.",https://media.licdn.com/dms/image/v2/D4D03AQEm0NokjYU-5A/profile-displayphoto-shrink_800_800/B4DZWQxg.iHIAc-/0/1741890654721?e=1780531200&v=beta&t=HVeuxp9ES--ZtjLZ0Y7mfTXZ5PzjBKnXCyzu-33X-V4,"Inteligencia artificial generativa para profesionales creativos: Oportunidades, retos y ética (LinkedIn), Trucos de productividad con IA para reimaginar tu jornada laboral y tu carrera profesional (LinkedIn)",https://www.linkedin.com/learning/certificates/3ff19f592024eef8fcbe1d3b9bac5a2ad428c4780f65174d3009be3c2287362f?trk=public_profile_see-credential,Issued May 2025 See credential,LinkedIn,"Inteligencia artificial generativa para profesionales creativos: Oportunidades, retos y ética",https://www.linkedin.com/learning/certificates/fcf89124de622712a99efe586a8754a518e39fc54338c946f28fba455371b761?trk=public_profile_see-credential,Issued Feb 2025 See credential,LinkedIn,Trucos de productividad con IA para reimaginar tu jornada laboral y tu carrera profesional,,,,,,,,,Barcelona,500,500,Spain,ES,815755,https://es.linkedin.com/company/santiveri1885?trk=public_profile_topcard-current-company,"Barcelona, Catalonia, Spain",,Alternative Medicine,7,2025,Casa Santiveri,815755,,Alternative Medicine,"Barcelona, Catalonia, Spain",Director of Procurement,7,2025,11,,11,,,,,,,,,,,,,120,"University of Barcelona, ",1998-06,1996-09,University of Barcelona,https://es.linkedin.com/school/university-of-barcelona/,1996-06,1992-09,,,,,,,573,573,Iván Jiménez,false,Director of Procurement,"English (Professional working proficiency), German (Professional working proficiency), Español (Native or bilingual proficiency), Catalán (Native or bilingual proficiency)",Professional working proficiency,English,Professional working proficiency,German,Native or bilingual proficiency,Español,Native or bilingual proficiency,Catalán,,,jimenezcampon,ACwAAAPRKnYBP0kEXWTuJZUgmKMwDcBp71xbF4o,urn:li:member:64039542,DISTANCE_2,true,https://media.licdn.com/dms/image/v2/D4D03AQEm0NokjYU-5A/profile-displayphoto-shrink_200_200/B4DZWQxg.iHIAY-/0/1741890654702?e=1780531200&v=beta&t=I4yKpku5v86kAtXSYYFqqpzCHUD6jzV7rPTFd1Unrks,,4,11,,11,
mariela-cartas-10aa732a,Mariela,Cartas,https://www.linkedin.com/in/mariela-cartas-10aa732a,"Director of Purchasing at HONEYGREEN, S.A.U.","Customer obsessed, analytical and results-oriented multilingual food industry professional with +8 years of global experience in P&L management, supplier and project management, strategic food sourcing, product development, category planning, forecasting and in-stock management. Confident communicator, skilled negotiator and creative problem solver that thrives in challenging fast-paced international environments. ","Valencia, Valencian Community, Spain",HONEYGREEN,https://static.licdn.com/aero-v1/sc/h/9c8pery4andzj6ohjkjp54ma2,"Customer obsessed, analytical and results-oriented multilingual food industry professional with +8 years of global experience in P&L management, supplier and project management, strategic food sourcing, product development, category planning, forecasting and in-stock management. Confident communicator, skilled negotiator and creative problem solver that thrives in challenging fast-paced international environments. ",https://static.licdn.com/aero-v1/sc/h/9c8pery4andzj6ohjkjp54ma2,"The Complete Skilled Negotiator (The Gap Partnership), Business Skills for Success (Dale Carnegie Training)",,Issued Oct 2020,The Gap Partnership,The Complete Skilled Negotiator,,Issued Aug 2020,Dale Carnegie Training,Business Skills for Success,,,,,,,,,Valencia,500,500,Spain,ES,7066591,https://es.linkedin.com/company/honeygreen?trk=public_profile_topcard-current-company,"Paterna, Valencian Community, Spain",,Wholesale,6,2023,HONEYGREEN,7066591,,Wholesale,"Paterna, Valencian Community, Spain",Director of Purchasing,6,2023,,3,,3,,,,,,,,,,,,120,"PEAKS Business School, , , ",2025-09,2024-11,PEAKS Business School,https://es.linkedin.com/school/peaks-business-school/,2013,2011,2009,2005,2008,2007,,,545,545,Mariela Cartas,false,Director of Purchasing,"Spanish (Native or bilingual proficiency), French (-), English (Native or bilingual proficiency), Italian (-)",Native or bilingual proficiency,Spanish,-,French,Native or bilingual proficiency,English,-,Italian,,,mariela-cartas-10aa732a,ACwAAAY1Y9oB9fs2Hywzg7FkB-Ef71eUzCsSJBY,urn:li:member:104162266,DISTANCE_2,true,,,1,,3,,3
ana-requena-izard,Ana,Requena Izard,https://www.linkedin.com/in/ana-requena-izard,Head of Buying and Category Management @Glovo | Inditex | LVMH | ISEM - IESE MBA | CUNEF | FMGC | Startups | Strategy |,"+ 10 years of experience in the retail industry (fashion and FMCG), leading purchasing, operations, growth, and finance departments. Expert in managing multidisciplinary teams and optimizing business performance. Passionate about innovation and continuous improvement.",Spain,Glovo,https://media.licdn.com/dms/image/v2/D4E03AQFHd2JYZEYOvQ/profile-displayphoto-scale_400_400/B4EZzDT8SXJwAg-/0/1772803312305?e=1780531200&v=beta&t=-LESRHkLhriiT3dicfviD9JaLMZLNWYkly1TkpHlGl0,"+ 10 years of experience in the retail industry (fashion and FMCG), leading purchasing, operations, growth, and finance departments. Expert in managing multidisciplinary teams and optimizing business performance. Passionate about innovation and continuous improvement.",https://media.licdn.com/dms/image/v2/D4E03AQFHd2JYZEYOvQ/profile-displayphoto-scale_400_400/B4EZzDT8SXJwAg-/0/1772803312305?e=1780531200&v=beta&t=-LESRHkLhriiT3dicfviD9JaLMZLNWYkly1TkpHlGl0,"Master in Luxury and Fashion Metaverse (LUXONOMY™), Digital Fashion Innovation (Parsons School of Design - The New School), MOOC Fashion and Sustainability (London College of Fashion, University of the Arts London)",,Issued Mar 2022,LUXONOMY™,Master in Luxury and Fashion Metaverse,,Issued Feb 2022,Parsons School of Design - The New School,Digital Fashion Innovation,Issued May 2019,"London College of Fashion, University of the Arts London",MOOC Fashion and Sustainability,,,,,,Spain,500,500,Spain,ES,9262901,https://es.linkedin.com/company/glovo-app?trk=public_profile_topcard-current-company,"Barcelona, Catalonia, Spain","As the Head of Category Management, Purchasing, UX, and Growth at SuperGlovo, Glovo’s exclusive supermarket chain, I led strategic initiatives and operational oversight across multiple critical areas. With a dedicated team of 12 professionals, I am responsible for optimizing user experience and driving business growth. Reporting directly to the General Manager of Qcommerce in Spain, I orchestrated efforts to enhance product categories, streamline purchasing processes, and refine the overall user experience, all while fostering sustainable growth for the organization. #FMCG #Qcommerce #Supermarket","Technology, Information and Internet",7,2022,Glovo,9262901,"As the Head of Category Management, Purchasing, UX, and Growth at SuperGlovo, Glovo’s exclusive supermarket chain, I led strategic initiatives and operational oversight across multiple critical areas. With a dedicated team of 12 professionals, I am responsible for optimizing user experience and driving business growth. Reporting directly to the General Manager of Qcommerce in Spain, I orchestrated efforts to enhance product categories, streamline purchasing processes, and refine the overall user experience, all while fostering sustainable growth for the organization. #FMCG #Qcommerce #Supermarket","Technology, Information and Internet","Barcelona, Catalonia, Spain",Head of Buying and Category Management,7,2022,11,3,11,3,,,,,,,,,,,,120,"ISEM Fashion Business School, , ",2015,2014,ISEM Fashion Business School,https://es.linkedin.com/school/isem-fashion-business-school/,2014,2009,2013,2012,,,,,2215,2215,Ana Requena Izard,false,Head of Buying and Category Management,"Español (Native or bilingual proficiency), Inglés (Full professional proficiency), Francés (Limited working proficiency)",Native or bilingual proficiency,Español,Full professional proficiency,Inglés,Limited working proficiency,Francés,,,,,ana-requena-izard,ACwAAAzQD0QBJa-reChzVrJNj9P5vroVJs2rz-0,urn:li:member:214961988,DISTANCE_2,true,https://media.licdn.com/dms/image/v2/D4E03AQFHd2JYZEYOvQ/profile-displayphoto-scale_100_100/B4EZzDT8SXJwAc-/0/1772803312305?e=1780531200&v=beta&t=oiAbHu_kMY9H6wT_rBiBRgNMbu9Aqm1_4MIMRNa7nvI,,20,11,3,11,3
patriciatorrentemoreno,Patricia,Torrente Moreno,https://www.linkedin.com/in/patriciatorrentemoreno,Directora Marca Propia ECI | FMGC | RETAIL | Alimentación | Desarrollo de Negocio | Compras,"Soy una persona proactiva, exigente y apasionada por el mundo del gran consumo. Durante mi carrera profesional he demostrado gran compromiso con mi trabajo y excelente actitud para trabajar en equipo, lo que me ha ayudado a alcanzar con éxito los objetivos propuestos en situaciones complejas y bajo presión. Además, entre mis habilidades destacaría la perseverancia, adaptabilidad al cambio y visión global.",Greater Madrid Metropolitan Area,El Corte Inglés,https://media.licdn.com/dms/image/v2/D4E03AQF3hGZdP97ezw/profile-displayphoto-scale_200_200/B4EZylkk4oJcAY-/0/1772304374204?e=1780531200&v=beta&t=dLTx_WP5LT4Xx0g3CLdnWf07VAHSPL8X7ETOTjzqpnI,"Soy una persona proactiva, exigente y apasionada por el mundo del gran consumo. Durante mi carrera profesional he demostrado gran compromiso con mi trabajo y excelente actitud para trabajar en equipo, lo que me ha ayudado a alcanzar con éxito los objetivos propuestos en situaciones complejas y bajo presión. Además, entre mis habilidades destacaría la perseverancia, adaptabilidad al cambio y visión global.",https://media.licdn.com/dms/image/v2/D4E03AQF3hGZdP97ezw/profile-displayphoto-scale_200_200/B4EZylkk4oJcAY-/0/1772304374204?e=1780531200&v=beta&t=dLTx_WP5LT4Xx0g3CLdnWf07VAHSPL8X7ETOTjzqpnI,"Bussines Certificated (Entrepreneur Education), Certificado C1 Inglés (EC English Language Centres), Certificado B2 Inglés (Escuela Oficial de Idiomas), Certificado nivel B2 inglés (Sprachcaffe/GEOS Languages Plus)",,Issued Sep 2023,Entrepreneur Education,Bussines Certificated,,Issued Jul 2014,EC English Language Centres,Certificado C1 Inglés,Issued Jun 2013,Escuela Oficial de Idiomas,Certificado B2 Inglés,Issued Jul 2012,Sprachcaffe/GEOS Languages Plus,Certificado nivel B2 inglés,,,Greater Madrid Metropolitan Area,500,500,Greater Madrid Metropolitan Area,ES,23749,https://es.linkedin.com/company/elcorteingles?trk=public_profile_topcard-current-company,"Madrid, Community of Madrid, Spain",,Retail,5,2025,El Corte Inglés,23749,,Retail,"Madrid, Community of Madrid, Spain",Directora Compras Marca Propia,5,2025,1,1,1,1,,,,,,,,,,,,120,"ESIC: Business & Marketing School, , , ",2017,2016,ESIC: Business & Marketing School,https://es.linkedin.com/school/esic/,2023-09,2023-03,2015,2014,2015,2011,,,1107,1107,Patricia Torrente Moreno,false,Directora Compras Marca Propia,"Inglés (Full professional proficiency), Español (Native or bilingual proficiency)",Full professional proficiency,Inglés,Native or bilingual proficiency,Español,,,,,,,patriciatorrentemoreno,ACwAAA1M1kgByKUJbqmb642qahsA3latvHAXdoY,urn:li:member:223139400,DISTANCE_2,true,https://media.licdn.com/dms/image/v2/D4E03AQF3hGZdP97ezw/profile-displayphoto-scale_400_400/B4EZylkk4oJcAg-/0/1772304374204?e=1780531200&v=beta&t=QpjL_DWxrVVhYgW8WE3EB2gjV_lyPoJuUyHXx-ny6qU,,5,1,1,1,1
ruth-s%c3%a1nchez-cuevas-887563193,Ruth,Sánchez Cuevas,https://it.linkedin.com/in/ruth-s%c3%a1nchez-cuevas-887563193,,"Persona responsable, puntual, con gran capacidad de aprendizaje y ganas de trabajar…",,Mercadona,https://static.licdn.com/aero-v1/sc/h/9c8pery4andzj6ohjkjp54ma2,"Persona responsable, puntual, con gran capacidad de aprendizaje y ganas de trabajar…",https://static.licdn.com/aero-v1/sc/h/9c8pery4andzj6ohjkjp54ma2,,,,,,,,,,,,,,,,,,Greater Barcelona Metropolitan Area,2,2,,ES,mercadona,https://es.linkedin.com/company/mercadona?trk=public_profile_topcard-current-company,,,,,,,,,,,,,,,,,,,,,,,,,,,,,105,"IES La Bastida, ",2009,2009,IES La Bastida,,2009,2008,,,,,,,4,4,,,,"Español (Native or bilingual proficiency), Inglés (Elementary proficiency), Catalán (Native or bilingual proficiency)",Native or bilingual proficiency,Español,Elementary proficiency,Inglés,Native or bilingual proficiency,Catalán,,,,,,,,,,,,,,,,
esther-monjas-mart%c3%adn-a8a1021a,Esther,Monjas Martín,https://es.linkedin.com/in/esther-monjas-mart%c3%adn-a8a1021a,,Tengo una amplia visión del marketing y la gestión comercial en el ámbito empresarial y…,Las Rozas de Madrid,DIA Group,https://media.licdn.com/dms/image/v2/C5603AQGHCkS21mEn6g/profile-displayphoto-shrink_200_200/profile-displayphoto-shrink_200_200/0/1559926293972?e=2147483647&v=beta&t=91lB-WQInFEQsinOHma9G_15yPR6KbDM1OTCuP7h9uQ,Tengo una amplia visión del marketing y la gestión comercial en el ámbito empresarial y…,https://media.licdn.com/dms/image/v2/C5603AQGHCkS21mEn6g/profile-displayphoto-shrink_200_200/profile-displayphoto-shrink_200_200/0/1559926293972?e=2147483647&v=beta&t=91lB-WQInFEQsinOHma9G_15yPR6KbDM1OTCuP7h9uQ,,,,,,,,,,,,,,,,,,"Las Rozas de Madrid, Community of Madrid, Spain",500,500,,ES,dia-grupo,https://es.linkedin.com/company/dia-grupo?trk=public_profile_topcard-current-company,,,,,,,,,,,,,,,,,,,,,,,,,,,,,105,"Universidad Pontificia Comillas, , , , ",2006,2004,Universidad Pontificia Comillas,https://es.linkedin.com/school/ucomillas/,2004,2001,2018-06,2018-06,2016-04,2016-04,2013-04,2013-04,657,657,,,,,,,,,,,,,,,,,,,,,,,,,,
ivanichka-sander-2908362b,Ivanichka,Sander,https://www.linkedin.com/in/ivanichka-sander-2908362b,Senior Global Procurement Manager,"I am a professional economist with over 16 years of international experience in retail, procurement, logistics, and project coordination, bringing strong expertise in technical buying, cost optimization, and supplier negotiation. Numbers are my natural language—calculations, financial analysis, and strategic sourcing decisions are where I thrive. I’ve successfully negotiated with thousands of suppliers, delivering long-term partnerships, measurable cost savings, and added value for the business. My background includes managing teams of up to 5 people, leading multicultural projects, adapting quickly to change, and implementing agile solutions in fast-paced environments. I combine strong analytical thinking, attention to detail, and a deep commitment to delivering outstanding results. I am fluent in four languages (Spanish, German, English, Bulgarian) and I can also read and understand Russian and Serbian, allowing me to build solid connections with both internal and external stakeholders across international markets.  🔹 Strong command of Microsoft Office, especially Excel 🔹 Passion for KPIs, cost analysis, and process improvement 🔹 Skilled in training, team leadership, and motivation 🔹 Experience in both goods and services procurement 🔹 Reliable, detail-driven, and solution-oriented",Spain,Lidl España,https://media.licdn.com/dms/image/v2/D4D03AQH2qqNYMJrkiw/profile-displayphoto-shrink_400_400/B4DZeTSv9KHMAg-/0/1750522855624?e=1780531200&v=beta&t=3pfAuab-96RYqX8lN8Wssh0aKNEvj7NadZh-xFOgU9k,"I am a professional economist with over 16 years of international experience in retail, procurement, logistics, and project coordination, bringing strong expertise in technical buying, cost optimization, and supplier negotiation. Numbers are my natural language—calculations, financial analysis, and strategic sourcing decisions are where I thrive. I’ve successfully negotiated with thousands of suppliers, delivering long-term partnerships, measurable cost savings, and added value for the business. My background includes managing teams of up to 5 people, leading multicultural projects, adapting quickly to change, and implementing agile solutions in fast-paced environments. I combine strong analytical thinking, attention to detail, and a deep commitment to delivering outstanding results. I am fluent in four languages (Spanish, German, English, Bulgarian) and I can also read and understand Russian and Serbian, allowing me to build solid connections with both internal and external stakeholders across international markets.  🔹 Strong command of Microsoft Office, especially Excel 🔹 Passion for KPIs, cost analysis, and process improvement 🔹 Skilled in training, team leadership, and motivation 🔹 Experience in both goods and services procurement 🔹 Reliable, detail-driven, and solution-oriented",https://media.licdn.com/dms/image/v2/D4D03AQH2qqNYMJrkiw/profile-displayphoto-shrink_400_400/B4DZeTSv9KHMAg-/0/1750522855624?e=1780531200&v=beta&t=3pfAuab-96RYqX8lN8Wssh0aKNEvj7NadZh-xFOgU9k,,,,,,,,,,,,,,,,,,Spain,134,134,Spain,ES,1282721,https://es.linkedin.com/company/lidl-espana?trk=public_profile_topcard-current-company,"Montcada, Catalonia, Spain","Currently leading procurement for technical purchases across Facility Management, Logistics, and Construction at Lidl. I manage end-to-end sourcing projects—from supplier selection and price negotiation to contract drafting and signing. My focus is to deliver the best value in every project: ✔️ Competitive pricing ✔️ Strong supplier partnerships ✔️ High service quality I consistently ensure internal departments receive the optimal solutions for their operational needs—saving costs, improving timelines, and securing favorable conditions through strategic negotiation and contract management.",Retail,11,2024,Lidl España,1282721,"Currently leading procurement for technical purchases across Facility Management, Logistics, and Construction at Lidl. I manage end-to-end sourcing projects—from supplier selection and price negotiation to contract drafting and signing. My focus is to deliver the best value in every project: ✔️ Competitive pricing ✔️ Strong supplier partnerships ✔️ High service quality I consistently ensure internal departments receive the optimal solutions for their operational needs—saving costs, improving timelines, and securing favorable conditions through strategic negotiation and contract management.",Retail,"Montcada, Catalonia, Spain","Senior Procurement Manager | Expert in Technical Sourcing, Contract Negotiation & Cost",11,2024,11,16,7,1,,,,,,,,,,,,105,Universität Lüneburg,2009,2003,Universität Lüneburg,https://de.linkedin.com/school/universitat-luneburg/,,,,,,,,,150,150,Ivanichka Sander,false,"Senior Procurement Manager | Expert in Technical Sourcing, Contract Negotiation & Cost","German (Full professional proficiency), English (Full professional proficiency), Bulgarian (Native or bilingual proficiency), Spain (Native or bilingual proficiency), Russian (Elementary proficiency)",Full professional proficiency,German,Full professional proficiency,English,Native or bilingual proficiency,Bulgarian,Native or bilingual proficiency,Spain,Elementary proficiency,Russian,ivanichka-sander-2908362b,ACwAAAZaLQwBLyMf4HNo9Q1yUEXsJ_1UtnhTLJM,urn:li:member:106573068,DISTANCE_2,true,https://media.licdn.com/dms/image/v2/D4D03AQH2qqNYMJrkiw/profile-displayphoto-shrink_100_100/B4DZeTSv9KHMAU-/0/1750522855613?e=1780531200&v=beta&t=76zi1177UCZuc1G_Hr6j0s2ieS2hqLLQJzW3VDVKRHA,,3,11,16,7,1
roberto-hidalgo-85b3101a3,Roberto,Hidalgo,https://www.linkedin.com/in/roberto-hidalgo-85b3101a3,Purchasing Manager at Aldi,"Purchasing manager with international experience driving cost efficiency and supplier excellence across multiple categories. Focused on building strong partnerships, elevating quality standards and ensuring sustainable growth through smart negotiations and streamlined processes. Passionate about creating value, optimizing operations and delivering consistent results in fast-paced retail environments.","Barcelona, Catalonia, Spain",ALDI ESPAÑA,https://static.licdn.com/aero-v1/sc/h/9c8pery4andzj6ohjkjp54ma2,"Purchasing manager with international experience driving cost efficiency and supplier excellence across multiple categories. Focused on building strong partnerships, elevating quality standards and ensuring sustainable growth through smart negotiations and streamlined processes. Passionate about creating value, optimizing operations and delivering consistent results in fast-paced retail environments.",https://static.licdn.com/aero-v1/sc/h/9c8pery4andzj6ohjkjp54ma2,,,,,,,,,,,,,,,,,,Barcelona,73,73,Spain,ES,8505923,https://es.linkedin.com/company/aldi-supermercados?trk=public_profile_topcard-current-company,"Sant Cugat del Vallès, Catalonia, Spain","Lead end-to-end category strategy for private label and branded products, including range architecture, innovation pipeline, and lifecycle management. Define pricing, margin, and promotional strategies based on market intelligence, cost drivers, and competitive benchmarks. Own supplier sourcing, negotiation, selection, and performance management across manufacturers, distributors, and service providers. Drive new product development from concept to launch, coordinating R&D, quality, packaging, and regulatory requirements. Oversee procurement of software, equipment, and third-party services, including IT tools, logistics services, professional services, and operational equipment. Implement cost optimization, value engineering, and risk mitigation initiatives across categories and indirect spend. Manage cross-functional alignment with finance, marketing, operations, IT, and legal to ensure scalable and compliant procurement decisions.",Retail Groceries,3,2015,ALDI ESPAÑA,8505923,"Lead end-to-end category strategy for private label and branded products, including range architecture, innovation pipeline, and lifecycle management. Define pricing, margin, and promotional strategies based on market intelligence, cost drivers, and competitive benchmarks. Own supplier sourcing, negotiation, selection, and performance management across manufacturers, distributors, and service providers. Drive new product development from concept to launch, coordinating R&D, quality, packaging, and regulatory requirements. Oversee procurement of software, equipment, and third-party services, including IT tools, logistics services, professional services, and operational equipment. Implement cost optimization, value engineering, and risk mitigation initiatives across categories and indirect spend. Manage cross-functional alignment with finance, marketing, operations, IT, and legal to ensure scalable and compliant procurement decisions.",Retail Groceries,"Sant Cugat del Vallès, Catalonia, Spain",Purchasing Manager,3,2015,3,11,3,11,,,,,,,,,,,,105,Universitat de Barcelona,2014,2010,Universitat de Barcelona,https://es.linkedin.com/school/university-of-barcelona/,,,,,,,,,81,81,Roberto Hidalgo,false,Purchasing Manager,English (Native or bilingual proficiency),Native or bilingual proficiency,English,,,,,,,,,roberto-hidalgo-85b3101a3,ACwAAC-Q6ccBR7wtX5u1UQPUTeK-1a1bbdCry5s,urn:li:member:798026183,DISTANCE_3,true,,,,3,11,3,11
fernandorodriguezcortina,Fernando,Rodriguez Cortina,https://www.linkedin.com/in/fernandorodriguezcortina,Purchasing Director en Lidl España,,"Barcelona, Catalonia, Spain",Lidl España,https://media.licdn.com/dms/image/v2/D4D03AQH6X8jw9dGmmw/profile-displayphoto-shrink_100_100/B4DZSpnaiiHIAY-/0/1738012470433?e=1780531200&v=beta&t=AKCSUjX-PV3BOfgJKe4VcGf3X2negcO41K4DtXXPKq4,,https://media.licdn.com/dms/image/v2/D4D03AQH6X8jw9dGmmw/profile-displayphoto-shrink_100_100/B4DZSpnaiiHIAY-/0/1738012470433?e=1780531200&v=beta&t=AKCSUjX-PV3BOfgJKe4VcGf3X2negcO41K4DtXXPKq4,"DALF C1 (Ministère de la Culture et de la Communication), DELF B2 (Ministère de la Culture et de la Communication)",,Issued Sep 2013,Ministère de la Culture et de la Communication,DALF C1,,Issued Jun 2009,Ministère de la Culture et de la Communication,DELF B2,,,,,,,,,Barcelona,500,500,Spain,ES,1282721,https://es.linkedin.com/company/lidl-espana?trk=public_profile_topcard-current-company,"Montcada, Catalonia, Spain",,Retail,2,2025,Lidl España,1282721,,Retail,"Montcada, Catalonia, Spain",Purchasing Director,2,2025,10,7,4,1,,,,,,,,,,,,105,"Centre Européen de la Négotiation, , , , ",2017,2017,Centre Européen de la Négotiation,,2015,2014,2015,2009,2013,2012,2009,2007,1414,1414,Fernando Rodriguez Cortina,false,Purchasing Director,"Español (Native or bilingual proficiency), Francés (Full professional proficiency), Inglés (Full professional proficiency), Alemán (Limited working proficiency), Catalán (Full professional proficiency)",Native or bilingual proficiency,Español,Full professional proficiency,Francés,Full professional proficiency,Inglés,Limited working proficiency,Alemán,Full professional proficiency,Catalán,fernandorodriguezcortina,ACwAABJlbVsBwPKpcLMudF9tZV4DZrFqFzttTX0,urn:li:member:308637019,DISTANCE_2,true,https://media.licdn.com/dms/image/v2/D4D03AQH6X8jw9dGmmw/profile-displayphoto-shrink_400_400/B4DZSpnaiiHIAk-/0/1738012470365?e=1780531200&v=beta&t=nsw4hEUJej7jdndCxARAXnRsWF_EakrTmULG3I4ZEwc,,8,10,7,4,1
marta-bant%c3%ad-guillemat-64b025116,Marta,Bantí Guillemat,https://co.linkedin.com/in/marta-bant%c3%ad-guillemat-64b025116,,,Barcelona,Lidl España,https://media.licdn.com/dms/image/v2/D4D03AQH4UYEdQWtvAw/profile-displayphoto-shrink_200_200/profile-displayphoto-shrink_200_200/0/1720466124160?e=2147483647&v=beta&t=UA9_npY0Mol8OkPmaKvyxlZBfSbYo_5yrOdu_Pd8JWY,,https://media.licdn.com/dms/image/v2/D4D03AQH4UYEdQWtvAw/profile-displayphoto-shrink_200_200/profile-displayphoto-shrink_200_200/0/1720466124160?e=2147483647&v=beta&t=UA9_npY0Mol8OkPmaKvyxlZBfSbYo_5yrOdu_Pd8JWY,"Anglia Certificate of English C1 (Anglia Examinations), First Certificate of English B2 (University of Cambridge), Diplôme de français professionnel - Affaires B2 (Chambre de commerce et d’industrie de région Paris Ile-de-France), DELF (Diplôme d'études en langue française) B1 (-), Goethe Zertifikat C1 (Goethe-Institut e.V.)",,Issued Jun 2013,Anglia Examinations,Anglia Certificate of English C1,,Issued Jun 2013,University of Cambridge,First Certificate of English B2,Issued Jun 2012,Chambre de commerce et d’industrie de région Paris Ile-de-France,Diplôme de français professionnel - Affaires B2,Issued Jun 2008,-,DELF (Diplôme d'études en langue française) B1,Goethe-Institut e.V.,Goethe Zertifikat C1,"Barcelona, Catalonia, Spain",500,500,,ES,lidl-espana,https://es.linkedin.com/company/lidl-espana?trk=public_profile_topcard-current-company,,,,,,,,,,,,,,,,,,,,,,,,,,,,,100,"LUISS Guido Carli University, , ",2017,2017,LUISS Guido Carli University,https://it.linkedin.com/school/luiss-guido-carli-university/,2017,2013,2012,1997,,,,,1996,1996,,,,"Español (Native or bilingual proficiency), Catalán (Native or bilingual proficiency), Inglés (Full professional proficiency), Alemán (Full professional proficiency), Francés (Elementary proficiency)",Native or bilingual proficiency,Español,Native or bilingual proficiency,Catalán,Full professional proficiency,Inglés,Full professional proficiency,Alemán,Elementary proficiency,Francés,,,,,,,,,,,,
j%c3%b6rg-herwig-0a562b3b,Jörg,Herwig,https://at.linkedin.com/in/j%c3%b6rg-herwig-0a562b3b,,Extensive experience in FMCG & cultural integration,,Lidl España,https://media.licdn.com/dms/image/v2/C5603AQEjJ4RPQmcdBA/profile-displayphoto-shrink_200_200/profile-displayphoto-shrink_200_200/0/1516876419945?e=2147483647&v=beta&t=dQHmAplZKeiiVrseZtRJIONFZJirTSnOy-3VAbUR-48,Extensive experience in FMCG & cultural integration,https://media.licdn.com/dms/image/v2/C5603AQEjJ4RPQmcdBA/profile-displayphoto-shrink_200_200/profile-displayphoto-shrink_200_200/0/1516876419945?e=2147483647&v=beta&t=dQHmAplZKeiiVrseZtRJIONFZJirTSnOy-3VAbUR-48,,,,,,,,,,,,,,,,,,Greater Barcelona Metropolitan Area,500,500,,ES,lidl-espana,https://es.linkedin.com/company/lidl-espana?trk=public_profile_topcard-current-company,,,,,,,,,,,,,,,,,,,,,,,,,,,,,95,"IESE Business School, , , ",2024-11,2024-04,IESE Business School,https://es.linkedin.com/school/iese-business-school/,2013,2012,2003,1999,2002,2001,,,1253,1253,,,,,,,,,,,,,,,,,,,,,,,,,,
viviana-toscano-quiroga5,Viviana,Toscano,https://www.linkedin.com/in/viviana-toscano-quiroga5,"Industrial Engineer specialized in Logistics, transportation, and mobility, with extensive experience leading logistics teams to manage efficient operations based on data analysis and market projections.","Experienced Head Of Operations with a demonstrated history of working in the environmental services industry. Skilled in Spanish, English, Microsoft Excel, Supply Chain Optimization, and Logistics Management. Strong operations professional with a Máster in Supply Chain, Transportation and Mobility focused in Logistics, Materials, and Supply Chain Management from Universidad Politécnica de Cataluña. ","Barcelona, Catalonia, Spain",Lidl España,https://media.licdn.com/dms/image/v2/D4E03AQGFwmBqwEVHQg/profile-displayphoto-shrink_100_100/profile-displayphoto-shrink_100_100/0/1699012140770?e=1780531200&v=beta&t=fOBn1bg0SpKftiWWJCoF5oo9Xrj4AymcuJ-k3v8DZ6k,"Experienced Head Of Operations with a demonstrated history of working in the environmental services industry. Skilled in Spanish, English, Microsoft Excel, Supply Chain Optimization, and Logistics Management. Strong operations professional with a Máster in Supply Chain, Transportation and Mobility focused in Logistics, Materials, and Supply Chain Management from Universidad Politécnica de Cataluña. ",https://media.licdn.com/dms/image/v2/D4E03AQGFwmBqwEVHQg/profile-displayphoto-shrink_100_100/profile-displayphoto-shrink_100_100/0/1699012140770?e=1780531200&v=beta&t=fOBn1bg0SpKftiWWJCoF5oo9Xrj4AymcuJ-k3v8DZ6k,,,,,,,,,,,,,,,,,,Barcelona,500,500,Spain,ES,1282721,https://es.linkedin.com/company/lidl-espana?trk=public_profile_topcard-current-company,"Montcada, Catalonia, Spain",,Retail,1,2024,Lidl España,1282721,,Retail,"Montcada, Catalonia, Spain",Jefe de mercancías,1,2024,5,2,5,2,,,,,,,,,,,,95,"Universidad Politécnica de Cataluña, ",2015,2013,Universidad Politécnica de Cataluña,,2013,2006,,,,,,,802,802,Viviana Toscano,false,Jefe de mercancías,,,,,,,,,,,,viviana-toscano-quiroga5,ACwAABQHSEQB43Bao6-6kujzMXmUZH6pOr4Ndfs,urn:li:member:336021572,DISTANCE_3,true,https://media.licdn.com/dms/image/v2/D4E03AQGFwmBqwEVHQg/profile-displayphoto-shrink_800_800/profile-displayphoto-shrink_800_800/0/1699012140770?e=1780531200&v=beta&t=P1ugoCd2SD2fgJc0TWwxStOf-2G4i5GOLBDDmAVBQ3M,,,5,2,5,2
fernandoochoat,Fernando,O.,https://www.linkedin.com/in/fernandoochoat,Senior Procurement Leader| Category Management & Strategic Sourcing | Indirect & Packaging | Cost Optimization | FMCG & Industrial,"Senior Procurement Leader with 10+ years of experience managing €30M+ spend across indirect and packaging categories in FMCG and industrial environments. Track record of delivering €1M EBITDA impact in already optimized categories, demonstrating strong performance in complex cost environments. Currently leading procurement at group level, building and structuring the indirect procurement function, driving supplier strategy and cross-functional alignment. Proven ability to build procurement functions from scratch and operate effectively in complex, multi-category environments.","Barcelona, Catalonia, Spain",Grup Ametller Origen,https://static.licdn.com/aero-v1/sc/h/9c8pery4andzj6ohjkjp54ma2,"Senior Procurement Leader with 10+ years of experience managing €30M+ spend across indirect and packaging categories in FMCG and industrial environments. Track record of delivering €1M EBITDA impact in already optimized categories, demonstrating strong performance in complex cost environments. Currently leading procurement at group level, building and structuring the indirect procurement function, driving supplier strategy and cross-functional alignment. Proven ability to build procurement functions from scratch and operate effectively in complex, multi-category environments.",https://static.licdn.com/aero-v1/sc/h/9c8pery4andzj6ohjkjp54ma2,,,,,,,,,,,,,,,,,,Barcelona,500,500,Spain,ES,2972440,,"Sant Miquel d'Olèrdola, Catalonia, Spain","Lead indirect & packaging procurement at group level across multiple high-impact categories Manage €30M+ spend portfolio, driving cost optimization and supplier performance Delivered €1M EBITDA impact and ~13% cost savings through strategic sourcing Built and structured the indirect procurement function from scratch (governance, processes, KPIs) Lead and develop a procurement team (3 buyers, 1 supply chain, 1 trainee) Drive strategic alignment with Operations, Finance, Marketing and Supply Chain Operate in a high-growth environment, scaling procurement capabilities and governance",Food and Beverage Services,9,2020,Grup Ametller Origen,2972440,"Lead indirect & packaging procurement at group level across multiple high-impact categories Manage €30M+ spend portfolio, driving cost optimization and supplier performance Delivered €1M EBITDA impact and ~13% cost savings through strategic sourcing Built and structured the indirect procurement function from scratch (governance, processes, KPIs) Lead and develop a procurement team (3 buyers, 1 supply chain, 1 trainee) Drive strategic alignment with Operations, Finance, Marketing and Supply Chain Operate in a high-growth environment, scaling procurement capabilities and governance",Food and Beverage Services,"Sant Miquel d'Olèrdola, Catalonia, Spain",Senior Procurement Manager - Indirect & Packaging (Group Level),9,2020,9,5,9,5,,,,,,,,,,,,95,", , , , ",2024,2023,,,2021,2020,2020,2020,2014,2014,2025-11,2025-11,948,948,Fernando O.,false,Senior Procurement Manager - Indirect & Packaging (Group Level),,,,,,,,,,,,fernandoochoat,ACwAAATlMLUB3g28oNaPEo_lSL0HAYGWQBWAqWI,urn:li:member:82129077,DISTANCE_2,true,,,2,9,5,9,5
manueljimenezperez,Manuel,Jiménez Pérez,https://www.linkedin.com/in/manueljimenezperez,Director de Compras Alimentación Salada. Senior Manager Retail,"Experienced Buying Manager with a demonstrated history of working in the supermarkets industry. Skilled in Negotiation, Business Planning, Operations Management, Coaching, and Sales Management.",Greater Madrid Metropolitan Area,DIA Group,https://media.licdn.com/dms/image/v2/C4E03AQHFF9HeNw-qtw/profile-displayphoto-shrink_100_100/profile-displayphoto-shrink_100_100/0/1585057778989?e=1780531200&v=beta&t=21wkl6pIrRhbA3Wn8ddzIMg9-2nR9ewzT-t6kLeAcYc,"Experienced Buying Manager with a demonstrated history of working in the supermarkets industry. Skilled in Negotiation, Business Planning, Operations Management, Coaching, and Sales Management.",https://media.licdn.com/dms/image/v2/C4E03AQHFF9HeNw-qtw/profile-displayphoto-shrink_100_100/profile-displayphoto-shrink_100_100/0/1585057778989?e=1780531200&v=beta&t=21wkl6pIrRhbA3Wn8ddzIMg9-2nR9ewzT-t6kLeAcYc,,,,,,,,,,,,,,,,,,Greater Madrid Metropolitan Area,500,500,Greater Madrid Metropolitan Area,ES,2332225,,"Las Rozas de Madrid, Community of Madrid, Spain",,Retail,8,2020,DIA Group,2332225,,Retail,"Las Rozas de Madrid, Community of Madrid, Spain",Director de Compras Alimentación Salada,8,2020,10,5,10,5,,,,,,,,,,,,95,"GS1 Category Manager GmbH, , , ",2020-01,2019-10,GS1 Category Manager GmbH,,2015,2014,2004,2003,1995,1990,,,2708,2708,Manuel Jiménez Pérez,false,Director de Compras Alimentación Salada,,,,,,,,,,,,manueljimenezperez,ACwAAANewN8BC_Ly6-lrwtWIA69peksunkndvLc,urn:li:member:56541407,DISTANCE_1,false,https://media.licdn.com/dms/image/v2/C4E03AQHFF9HeNw-qtw/profile-displayphoto-shrink_800_800/profile-displayphoto-shrink_800_800/0/1585057779050?e=1780531200&v=beta&t=4ohOcM3Bls69SEHfI3P3V6T64P5nXEmNr9WKykgvQHI,,18,10,5,10,5
rubengarciagonz,Rubén,García,https://www.linkedin.com/in/rubengarciagonz,Head of Procurement Store Lidl España ,,"Montcada, Catalonia, Spain",Lidl España,https://media.licdn.com/dms/image/v2/C4D03AQFBZlOEfXE0fg/profile-displayphoto-shrink_100_100/profile-displayphoto-shrink_100_100/0/1608465929172?e=1780531200&v=beta&t=UN3qR4tEP7W8U4XcK4FC5sAppZ04NDYC13vh-lzGxdY,,https://media.licdn.com/dms/image/v2/C4D03AQFBZlOEfXE0fg/profile-displayphoto-shrink_100_100/profile-displayphoto-shrink_100_100/0/1608465929172?e=1780531200&v=beta&t=UN3qR4tEP7W8U4XcK4FC5sAppZ04NDYC13vh-lzGxdY,,,,,,,,,,,,,,,,,,Montcada,500,500,Spain,ES,1282721,https://es.linkedin.com/company/lidl-espana?trk=public_profile_topcard-current-company,"Montcada, Catalonia, Spain",,Retail,3,2026,Lidl España,1282721,,Retail,"Montcada, Catalonia, Spain",Head of Procurement LIDL España,3,2026,8,2,3,,Lidl España,1282721,Retail,"Montcada, Catalonia, Spain",Jefe de equipo Facility y Site Management Nacional / Teamleiter FM und SM National,10,2023,8,2,8,2,90,Universidad Europea,2016,2015,Universidad Europea,https://es.linkedin.com/school/universidad-europea-de-madrid/,,,,,,,,,2433,2433,Rubén García,false,Head of Procurement LIDL España,"Español (Native or bilingual proficiency), Alemán (Full professional proficiency), Inglés (Limited working proficiency)",Native or bilingual proficiency,Español,Full professional proficiency,Alemán,Limited working proficiency,Inglés,,,,,rubengarciagonz,ACwAAAlq3eUB0-LAWtL0HslGntChD9iWfrShqZY,urn:li:member:157998565,DISTANCE_1,false,https://media.licdn.com/dms/image/v2/C4D03AQFBZlOEfXE0fg/profile-displayphoto-shrink_800_800/profile-displayphoto-shrink_800_800/0/1608465929172?e=1780531200&v=beta&t=SqaDLLf8wvejnFlHPDeAML-kjrYdPWKER1gMTy5WGEg,true,34,8,2,3,
ferrangomez,Ferran,Gómez Palet,https://www.linkedin.com/in/ferrangomez,Global Category Manager Groceries,,Greater Barcelona Metropolitan Area,Lidl España,https://static.licdn.com/aero-v1/sc/h/9c8pery4andzj6ohjkjp54ma2,,https://static.licdn.com/aero-v1/sc/h/9c8pery4andzj6ohjkjp54ma2,,,,,,,,,,,,,,,,,,Greater Barcelona Metropolitan Area,500,500,Greater Barcelona Metropolitan Area,ES,1282721,https://es.linkedin.com/company/lidl-espana?trk=public_profile_topcard-current-company,"Montcada, Catalonia, Spain",,Retail,7,2022,Lidl España,1282721,,Retail,"Montcada, Catalonia, Spain",Jefe de Compras Senior,7,2022,11,3,11,3,,,,,,,,,,,,90,"ESADE Business School, , , , ",2012,2007,ESADE Business School,https://es.linkedin.com/school/esade/,2013,,2013,,2012,2012,2007,2000,14325,14325,Ferran Gómez Palet,false,Jefe de Compras Senior,"Español (Native or bilingual proficiency), Catalán (Native or bilingual proficiency), Alemán (Professional working proficiency), Inglés (Full professional proficiency), Francés (Elementary proficiency)",Native or bilingual proficiency,Español,Native or bilingual proficiency,Catalán,Professional working proficiency,Alemán,Full professional proficiency,Inglés,Elementary proficiency,Francés,ferrangomez,ACwAAAlTV_MByONaQQaLNKzCa20o63lH5wKHTrI,urn:li:member:156456947,DISTANCE_1,false,,,263,11,3,11,3
noelia-fern%c3%a1ndez-739a03a,Noelia,Fernández García,https://it.linkedin.com/in/noelia-fern%c3%a1ndez-739a03a,,,Barcelona,Condis Supermercats,https://static.licdn.com/aero-v1/sc/h/9c8pery4andzj6ohjkjp54ma2,,https://static.licdn.com/aero-v1/sc/h/9c8pery4andzj6ohjkjp54ma2,,,,,,,,,,,,,,,,,,"Barcelona, Catalonia, Spain",500,500,,ES,condis-supermercats,https://es.linkedin.com/company/condis-supermercats?trk=public_profile_topcard-current-company,,,,,,,,,,,,,,,,,,,,,,,,,,,,,85,"ESADE Business School, , ",2008,2003,ESADE Business School,https://es.linkedin.com/school/esade/,2008,2007,2008,2006,,,,,2673,2673,,,,"English (Full professional proficiency), Spanish (Native or bilingual proficiency), Galician (Native or bilingual proficiency), German (Full professional proficiency), French (Professional working proficiency)",Full professional proficiency,English,Native or bilingual proficiency,Spanish,Native or bilingual proficiency,Galician,Full professional proficiency,German,Professional working proficiency,French,,,,,,,,,,,,
danielpasquin,Daniel,Pasquín Kaufner,https://www.linkedin.com/in/danielpasquin,Head of Purchasing | Supplier Management | Packaging | Quality Assurance & CSR,,Greater Barcelona Metropolitan Area,Lidl España,https://media.licdn.com/dms/image/v2/D4E03AQG9H5FhjJcOLg/profile-displayphoto-crop_800_800/B4EZwWEhYhGsAM-/0/1769896810842?e=1780531200&v=beta&t=cqVK5NaM-6BgpXzpQeGJhfD5RnBdRuAa6ZEx6luIRvI,,https://media.licdn.com/dms/image/v2/D4E03AQG9H5FhjJcOLg/profile-displayphoto-crop_800_800/B4EZwWEhYhGsAM-/0/1769896810842?e=1780531200&v=beta&t=cqVK5NaM-6BgpXzpQeGJhfD5RnBdRuAa6ZEx6luIRvI,,,,,,,,,,,,,,,,,,Greater Barcelona Metropolitan Area,500,500,Greater Barcelona Metropolitan Area,ES,1282721,https://es.linkedin.com/company/lidl-espana?trk=public_profile_topcard-current-company,"Montcada, Catalonia, Spain",,Retail,11,2025,Lidl España,1282721,,Retail,"Montcada, Catalonia, Spain",Head of Purchasing | Supplier Management | Packaging | Quality Assurance & CSR,11,2025,3,7,7,,Lidl España,1282721,Retail,"Montcada, Catalonia, Spain",Vice President Purchasing ( Director de Compras),3,2019,3,7,3,7,80,"IESE Business School - University of Navarra, , , ",2021,2020,IESE Business School - University of Navarra,https://es.linkedin.com/school/iese-business-school/,1999,1998,1998,1996,1996,1984,,,4018,4018,Daniel Pasquín Kaufner,false,Head of Purchasing | Supplier Management | Packaging | Quality Assurance & CSR,,,,,,,,,,,,danielpasquin,ACwAABvVCVEBuKdxs7WGpxxAmvIlh7Dmt-Hr8dg,urn:li:member:466946385,DISTANCE_2,true,https://media.licdn.com/dms/image/v2/D4E03AQG9H5FhjJcOLg/profile-displayphoto-scale_100_100/B4EZwWEhYhGsAg-/0/1769896810928?e=1780531200&v=beta&t=DHiLSJ-dz0qnq08-koLSwk-ooFuLRNL8Su82r3c-HhQ,,16,3,7,7,
fernando-m-p%c3%a9rez-soto-a49156b,Fernando,M. Pérez Soto,https://au.linkedin.com/in/fernando-m-p%c3%a9rez-soto-a49156b,,,Majadahonda,DIA Group,https://media.licdn.com/dms/image/v2/C5603AQG3tM_HPwXlMg/profile-displayphoto-shrink_200_200/profile-displayphoto-shrink_200_200/0/1603475142105?e=2147483647&v=beta&t=Zn6DNfON315izF2RlIYIpdW_QaMMacabnh1kCAW76kw,,https://media.licdn.com/dms/image/v2/C5603AQG3tM_HPwXlMg/profile-displayphoto-shrink_200_200/profile-displayphoto-shrink_200_200/0/1603475142105?e=2147483647&v=beta&t=Zn6DNfON315izF2RlIYIpdW_QaMMacabnh1kCAW76kw,,,,,,,,,,,,,,,,,,"Majadahonda, Community of Madrid, Spain",500,500,,ES,dia-grupo,https://es.linkedin.com/company/dia-grupo?trk=public_profile_topcard-current-company,,,,,,,,,,,,,,,,,,,,,,,,,,,,,75,", ",2003,1998,,,2020,2019,,,,,,,752,752,,,,,,,,,,,,,,,,,,,,,,,,,,
xavi-barra-2b60081,Xavi,Barra,https://www.linkedin.com/in/xavi-barra-2b60081,Senior Buyer FMCG | Category Management,"Senior Purchasing professional with +10 years of experience in FMCG retail, currently managing strategic fresh categories at Lidl. Strong background in category management, supplier negotiation, and international sourcing, with a clear focus on margin optimization and business performance. Experienced in defining assortment strategies, leading supplier negotiations, and driving commercial decisions based on data analysis (sell-in, sell-out, margins, waste). Collaborative and results-driven, working closely with commercial, operations, and logistics teams to enhance competitiveness and efficiency across the value chain.","Montcada, Catalonia, Spain",Lidl España,https://media.licdn.com/dms/image/v2/D4E03AQHtN0XTPW0Uww/profile-displayphoto-scale_100_100/B4EZyMhuUEGgAc-/0/1771884177226?e=1780531200&v=beta&t=7qTU7mlukvHnbhE7lBzQkkH8JKfTDz3e8XJGBV5AcOI,"Senior Purchasing professional with +10 years of experience in FMCG retail, currently managing strategic fresh categories at Lidl. Strong background in category management, supplier negotiation, and international sourcing, with a clear focus on margin optimization and business performance. Experienced in defining assortment strategies, leading supplier negotiations, and driving commercial decisions based on data analysis (sell-in, sell-out, margins, waste). Collaborative and results-driven, working closely with commercial, operations, and logistics teams to enhance competitiveness and efficiency across the value chain.",https://media.licdn.com/dms/image/v2/D4E03AQHtN0XTPW0Uww/profile-displayphoto-scale_100_100/B4EZyMhuUEGgAc-/0/1771884177226?e=1780531200&v=beta&t=7qTU7mlukvHnbhE7lBzQkkH8JKfTDz3e8XJGBV5AcOI,,,,,,,,,,,,,,,,,,Montcada,500,500,Spain,ES,1282721,,"Montcada, Catalonia, Spain","Senior Buyer – Fruit & Vegetables Nov 2017 – Present - Full responsibility for category performance (P&L) - Definition and execution of category strategy based on sales, margins, and market trends - Negotiation with national and international suppliers managing high-volume agreements - Development and execution of promotional plans - Analysis of sell-in / sell-out, margins, waste, and turnover - Supplier sourcing and benchmarking to ensure competitiveness - Coordination with logistics to optimize supply chain efficiency - Cross-functional collaboration with commercial and operations teams - Promotion planning and coordination with marketing to ensure maximized impact and visibility Achievements: Improved margins through supplier negotiation and assortment improvement Reduced waste via demand planning Supplier base optimization",Retail,11,2017,Lidl España,1282721,"Senior Buyer – Fruit & Vegetables Nov 2017 – Present - Full responsibility for category performance (P&L) - Definition and execution of category strategy based on sales, margins, and market trends - Negotiation with national and international suppliers managing high-volume agreements - Development and execution of promotional plans - Analysis of sell-in / sell-out, margins, waste, and turnover - Supplier sourcing and benchmarking to ensure competitiveness - Coordination with logistics to optimize supply chain efficiency - Cross-functional collaboration with commercial and operations teams - Promotion planning and coordination with marketing to ensure maximized impact and visibility Achievements: Improved margins through supplier negotiation and assortment improvement Reduced waste via demand planning Supplier base optimization",Retail,"Montcada, Catalonia, Spain",Senior Buyer,11,2017,7,11,7,8,,,,,,,,,,,,75,,,,,,,,,,,,,,2036,2036,Xavi Barra,false,Senior Buyer,"Alemán (Full professional proficiency), Español (Native or bilingual proficiency), Catalán (Native or bilingual proficiency), Inglés (Full professional proficiency)",Full professional proficiency,Alemán,Native or bilingual proficiency,Español,Native or bilingual proficiency,Catalán,Full professional proficiency,Inglés,,,xavi-barra-2b60081,ACwAAAAtx6oBjiNptwQ_lTrw41sPuz6l5PMf5Wo,urn:li:member:3000234,DISTANCE_2,true,https://media.licdn.com/dms/image/v2/D4E03AQHtN0XTPW0Uww/profile-displayphoto-scale_400_400/B4EZyMhuUEGgAg-/0/1771884177226?e=1780531200&v=beta&t=M1YoGdI8ffYi7VaYOoKAqRPyJZNWrwy36IPFVWo5SxA,,10,7,11,7,8
marta-l%c3%b3pez-mart%c3%adnez-32936160,Marta,López Martínez,https://lb.linkedin.com/in/marta-l%c3%b3pez-mart%c3%adnez-32936160,,,,Lidl España,https://media.licdn.com/dms/image/v2/C5103AQHZneDKlCCarw/profile-displayphoto-shrink_200_200/profile-displayphoto-shrink_200_200/0/1517545159599?e=2147483647&v=beta&t=FPlVlMwKRaITb9EqRY_PvAOCbD5IdGhBSfUcApH0Ht4,,https://media.licdn.com/dms/image/v2/C5103AQHZneDKlCCarw/profile-displayphoto-shrink_200_200/profile-displayphoto-shrink_200_200/0/1517545159599?e=2147483647&v=beta&t=FPlVlMwKRaITb9EqRY_PvAOCbD5IdGhBSfUcApH0Ht4,,,,,,,,,,,,,,,,,,Spain,500,500,,ES,lidl-espana,https://es.linkedin.com/company/lidl-espana?trk=public_profile_topcard-current-company,,,,,,,,,,,,,,,,,,,,,,,,,,,,,65,"ESDEN, ",2011,2010,ESDEN,,2009,2004,,,,,,,771,771,,,,,,,,,,,,,,,,,,,,,,,,,,
jos%c3%a9-manuel-blanco-28b9b3a1,José,Manuel Blanco,https://de.linkedin.com/in/jos%c3%a9-manuel-blanco-28b9b3a1,,,,DIA España,https://media.licdn.com/dms/image/v2/C4E03AQGc8rJP7ARmug/profile-displayphoto-shrink_200_200/profile-displayphoto-shrink_200_200/0/1517053488860?e=2147483647&v=beta&t=6SfNpsZxLPU-8x3HfiaBSyySGyQdOrNX4jS2H2PdSXQ,,https://media.licdn.com/dms/image/v2/C4E03AQGc8rJP7ARmug/profile-displayphoto-shrink_200_200/profile-displayphoto-shrink_200_200/0/1517053488860?e=2147483647&v=beta&t=6SfNpsZxLPU-8x3HfiaBSyySGyQdOrNX4jS2H2PdSXQ,,,,,,,,,,,,,,,,,,Greater Barcelona Metropolitan Area,500,500,,ES,diaespaña,https://es.linkedin.com/company/diaespa%C3%B1a?trk=public_profile_topcard-current-company,,,,,,,,,,,,,,,,,,,,,,,,,,,,,65,ESIC Business & Marketing School,2024,2023,ESIC Business & Marketing School,https://es.linkedin.com/school/esic/,,,,,,,,,6723,6723,,,,,,,,,,,,,,,,,,,,,,,,,,
ariadna-bertran-grimau-b296a4292,Ariadna,Bertran Grimau,https://www.linkedin.com/in/ariadna-bertran-grimau-b296a4292,Purchasing Department Specialist,,"Olèrdola, Catalonia, Spain",Cusiné,https://media.licdn.com/dms/image/v2/D4D03AQGWn1JB1rKWFQ/profile-displayphoto-shrink_100_100/profile-displayphoto-shrink_100_100/0/1719400594096?e=1780531200&v=beta&t=j9-b64LJc_TxZJqrkKXCRbfFqRDO_-hGnlxrKp6XFzs,,https://media.licdn.com/dms/image/v2/D4D03AQGWn1JB1rKWFQ/profile-displayphoto-shrink_100_100/profile-displayphoto-shrink_100_100/0/1719400594096?e=1780531200&v=beta&t=j9-b64LJc_TxZJqrkKXCRbfFqRDO_-hGnlxrKp6XFzs,,,,,,,,,,,,,,,,,,Olèrdola,150,150,Spain,ES,10618256,https://es.linkedin.com/company/cusine?trk=public_profile_topcard-current-company,"Sant Miquel d'Olèrdola, Catalonia, Spain",,Food & Beverages,6,2023,Cusiné,10618256,,Food & Beverages,"Sant Miquel d'Olèrdola, Catalonia, Spain",Purchasing Department Specialist,6,2023,11,4,,3,,,,,,,,,,,,60,,,,,,,,,,,,,,153,153,Ariadna Bertran Grimau,false,Purchasing Department Specialist,"Catalán (Native or bilingual proficiency), Español (Native or bilingual proficiency)",Native or bilingual proficiency,Catalán,Native or bilingual proficiency,Español,,,,,,,ariadna-bertran-grimau-b296a4292,ACwAAEbv81EBlJLL1tz7Xeju8MuA4hvVKQEGr7g,urn:li:member:1190130513,DISTANCE_3,true,https://media.licdn.com/dms/image/v2/D4D03AQGWn1JB1rKWFQ/profile-displayphoto-shrink_800_800/profile-displayphoto-shrink_800_800/0/1719400594111?e=1780531200&v=beta&t=L1-Z7YAcrUWnTnfq9RfKLC-HNI7--fhM5jgN0Xn9f10,,,11,4,,3
jie-liu-908806359,jie,liu,https://www.linkedin.com/in/jie-liu-908806359,Director de compras en ORIENTAL MARKET,,"Barcelona, Catalonia, Spain",ORIENTAL MARKET,https://media.licdn.com/dms/image/v2/D5603AQH5o4okI0qJhg/profile-displayphoto-shrink_100_100/B56ZXxBj9FGoAY-/0/1743505473588?e=1780531200&v=beta&t=V8XqXQL2UXcYJN9LCdSibIzLRudeq4Hy3ckJDyom0Ec,,https://media.licdn.com/dms/image/v2/D5603AQH5o4okI0qJhg/profile-displayphoto-shrink_100_100/B56ZXxBj9FGoAY-/0/1743505473588?e=1780531200&v=beta&t=V8XqXQL2UXcYJN9LCdSibIzLRudeq4Hy3ckJDyom0Ec,,,,,,,,,,,,,,,,,,Barcelona,,,Spain,ES,25913236,,"Barcelona, Catalonia, Spain",,Food & Beverages,,,ORIENTAL MARKET,25913236,,Food & Beverages,"Barcelona, Catalonia, Spain",Director de compras,,,,,,,,,,,,,,,,,,50,,,,,,,,,,,,,,,,jie liu,false,Director de compras,,,,,,,,,,,,jie-liu-908806359,ACwAAFlJXZgBFHRaVWG64G4OVyybEJxy37vVcKs,urn:li:member:1497980312,OUT_OF_NETWORK,false,https://media.licdn.com/dms/image/v2/D5603AQH5o4okI0qJhg/profile-displayphoto-shrink_400_400/B56ZXxBj9FGoAk-/0/1743505473585?e=1780531200&v=beta&t=5PEKwkPY9tN1-dtgvBpH9z4eEjYUlT65T4Th3QsZNW4,,,,,,
alma-benedicto-estell%c3%a9s-294697273,Alma,Benedicto Estellés,https://ae.linkedin.com/in/alma-benedicto-estell%c3%a9s-294697273,,,Valencia,Mercadona,https://static.licdn.com/aero-v1/sc/h/9c8pery4andzj6ohjkjp54ma2,,https://static.licdn.com/aero-v1/sc/h/9c8pery4andzj6ohjkjp54ma2,,,,,,,,,,,,,,,,,,"Valencia, Valencian Community, Spain",3,3,,ES,mercadona,https://es.linkedin.com/company/mercadona?trk=public_profile_topcard-current-company,,,,,,,,,,,,,,,,,,,,,,,,,,,,,45,,,,,,,,,,,,,,11,11,,,,,,,,,,,,,,,,,,,,,,,,,,
marta-mara%c3%b1%c3%b3n-fern%c3%a1ndez-24a60623b,Marta,Marañón Fernández,https://ua.linkedin.com/in/marta-mara%c3%b1%c3%b3n-fern%c3%a1ndez-24a60623b,,,Aranjuez,,https://static.licdn.com/aero-v1/sc/h/9c8pery4andzj6ohjkjp54ma2,,https://static.licdn.com/aero-v1/sc/h/9c8pery4andzj6ohjkjp54ma2,,,,,,,,,,,,,,,,,,"Aranjuez, Community of Madrid, Spain",13,13,,ES,,,,,,,,,,,,,,,,,,,,,,,,,,,,,,,30,,,,,,,,,,,,,,13,13,,,,,,,,,,,,,,,,,,,,,,,,,,
jos%c3%a9-manuel-bernardo-mart%c3%adnez-7a0957218,José,Manuel Bernardo Martínez,https://kw.linkedin.com/in/jos%c3%a9-manuel-bernardo-mart%c3%adnez-7a0957218,,,Madrid,,https://static.licdn.com/aero-v1/sc/h/9c8pery4andzj6ohjkjp54ma2,,https://static.licdn.com/aero-v1/sc/h/9c8pery4andzj6ohjkjp54ma2,,,,,,,,,,,,,,,,,,"Madrid, Community of Madrid, Spain",7,7,,ES,,,,,,,,,,,,,,,,,,,,,,,,,,,,,,,30,,,,,,,,,,,,,,12,12,,,,,,,,,,,,,,,,,,,,,,,,,,